"시점","시도별",소아청소년과
"2015.1/4","계",2207
"2015.1/4","서울특별시",520
"2015.1/4","부산광역시",153
"2015.1/4","대구광역시",112
"2015.1/4","인천광역시",139
"2015.1/4","광주광역시",55
"2015.1/4","대전광역시",66
"2015.1/4","울산광역시",41
"2015.1/4","세종특별자치시",9
"2015.1/4","경기도",647
"2015.1/4","강원특별자치도",48
"2015.1/4","충청북도",51
"2015.1/4","충청남도",60
"2015.1/4","전북특별자치도",73
"2015.1/4","전라남도",29
"2015.1/4","경상북도",72
"2015.1/4","경상남도",105
"2015.1/4","제주특별자치도",27
"2015.2/4","계",2207
"2015.2/4","서울특별시",522
"2015.2/4","부산광역시",151
"2015.2/4","대구광역시",113
"2015.2/4","인천광역시",142
"2015.2/4","광주광역시",53
"2015.2/4","대전광역시",64
"2015.2/4","울산광역시",41
"2015.2/4","세종특별자치시",11
"2015.2/4","경기도",646
"2015.2/4","강원특별자치도",48
"2015.2/4","충청북도",51
"2015.2/4","충청남도",58
"2015.2/4","전북특별자치도",73
"2015.2/4","전라남도",29
"2015.2/4","경상북도",71
"2015.2/4","경상남도",107
"2015.2/4","제주특별자치도",27
"2015.3/4","계",2213
"2015.3/4","서울특별시",522
"2015.3/4","부산광역시",153
"2015.3/4","대구광역시",111
"2015.3/4","인천광역시",145
"2015.3/4","광주광역시",53
"2015.3/4","대전광역시",65
"2015.3/4","울산광역시",40
"2015.3/4","세종특별자치시",12
"2015.3/4","경기도",644
"2015.3/4","강원특별자치도",48
"2015.3/4","충청북도",53
"2015.3/4","충청남도",60
"2015.3/4","전북특별자치도",73
"2015.3/4","전라남도",29
"2015.3/4","경상북도",71
"2015.3/4","경상남도",107
"2015.3/4","제주특별자치도",27
"2015.4/4","계",2202
"2015.4/4","서울특별시",519
"2015.4/4","부산광역시",154
"2015.4/4","대구광역시",109
"2015.4/4","인천광역시",147
"2015.4/4","광주광역시",51
"2015.4/4","대전광역시",67
"2015.4/4","울산광역시",40
"2015.4/4","세종특별자치시",11
"2015.4/4","경기도",639
"2015.4/4","강원특별자치도",47
"2015.4/4","충청북도",55
"2015.4/4","충청남도",59
"2015.4/4","전북특별자치도",72
"2015.4/4","전라남도",28
"2015.4/4","경상북도",70
"2015.4/4","경상남도",108
"2015.4/4","제주특별자치도",26
"2016.1/4","계",2218
"2016.1/4","서울특별시",524
"2016.1/4","부산광역시",153
"2016.1/4","대구광역시",109
"2016.1/4","인천광역시",146
"2016.1/4","광주광역시",51
"2016.1/4","대전광역시",66
"2016.1/4","울산광역시",40
"2016.1/4","세종특별자치시",13
"2016.1/4","경기도",650
"2016.1/4","강원특별자치도",49
"2016.1/4","충청북도",57
"2016.1/4","충청남도",59
"2016.1/4","전북특별자치도",71
"2016.1/4","전라남도",27
"2016.1/4","경상북도",73
"2016.1/4","경상남도",104
"2016.1/4","제주특별자치도",26
"2016.2/4","계",2212
"2016.2/4","서울특별시",524
"2016.2/4","부산광역시",150
"2016.2/4","대구광역시",113
"2016.2/4","인천광역시",146
"2016.2/4","광주광역시",50
"2016.2/4","대전광역시",63
"2016.2/4","울산광역시",40
"2016.2/4","세종특별자치시",13
"2016.2/4","경기도",649
"2016.2/4","강원특별자치도",49
"2016.2/4","충청북도",57
"2016.2/4","충청남도",59
"2016.2/4","전북특별자치도",70
"2016.2/4","전라남도",27
"2016.2/4","경상북도",73
"2016.2/4","경상남도",103
"2016.2/4","제주특별자치도",26
"2016.3/4","계",2222
"2016.3/4","서울특별시",521
"2016.3/4","부산광역시",148
"2016.3/4","대구광역시",114
"2016.3/4","인천광역시",147
"2016.3/4","광주광역시",49
"2016.3/4","대전광역시",64
"2016.3/4","울산광역시",39
"2016.3/4","세종특별자치시",13
"2016.3/4","경기도",661
"2016.3/4","강원특별자치도",49
"2016.3/4","충청북도",55
"2016.3/4","충청남도",59
"2016.3/4","전북특별자치도",71
"2016.3/4","전라남도",27
"2016.3/4","경상북도",74
"2016.3/4","경상남도",105
"2016.3/4","제주특별자치도",26
"2016.4/4","계",2226
"2016.4/4","서울특별시",520
"2016.4/4","부산광역시",148
"2016.4/4","대구광역시",115
"2016.4/4","인천광역시",148
"2016.4/4","광주광역시",46
"2016.4/4","대전광역시",64
"2016.4/4","울산광역시",38
"2016.4/4","세종특별자치시",13
"2016.4/4","경기도",669
"2016.4/4","강원특별자치도",49
"2016.4/4","충청북도",54
"2016.4/4","충청남도",58
"2016.4/4","전북특별자치도",72
"2016.4/4","전라남도",27
"2016.4/4","경상북도",74
"2016.4/4","경상남도",105
"2016.4/4","제주특별자치도",26
"2017.1/4","계",2245
"2017.1/4","서울특별시",522
"2017.1/4","부산광역시",148
"2017.1/4","대구광역시",117
"2017.1/4","인천광역시",150
"2017.1/4","광주광역시",47
"2017.1/4","대전광역시",66
"2017.1/4","울산광역시",37
"2017.1/4","세종특별자치시",14
"2017.1/4","경기도",678
"2017.1/4","강원특별자치도",50
"2017.1/4","충청북도",53
"2017.1/4","충청남도",60
"2017.1/4","전북특별자치도",73
"2017.1/4","전라남도",28
"2017.1/4","경상북도",72
"2017.1/4","경상남도",104
"2017.1/4","제주특별자치도",26
"2017.2/4","계",2240
"2017.2/4","서울특별시",521
"2017.2/4","부산광역시",146
"2017.2/4","대구광역시",117
"2017.2/4","인천광역시",150
"2017.2/4","광주광역시",46
"2017.2/4","대전광역시",64
"2017.2/4","울산광역시",37
"2017.2/4","세종특별자치시",16
"2017.2/4","경기도",676
"2017.2/4","강원특별자치도",50
"2017.2/4","충청북도",54
"2017.2/4","충청남도",60
"2017.2/4","전북특별자치도",73
"2017.2/4","전라남도",28
"2017.2/4","경상북도",72
"2017.2/4","경상남도",103
"2017.2/4","제주특별자치도",27
"2017.3/4","계",2238
"2017.3/4","서울특별시",524
"2017.3/4","부산광역시",146
"2017.3/4","대구광역시",117
"2017.3/4","인천광역시",149
"2017.3/4","광주광역시",46
"2017.3/4","대전광역시",66
"2017.3/4","울산광역시",36
"2017.3/4","세종특별자치시",17
"2017.3/4","경기도",670
"2017.3/4","강원특별자치도",50
"2017.3/4","충청북도",53
"2017.3/4","충청남도",62
"2017.3/4","전북특별자치도",72
"2017.3/4","전라남도",28
"2017.3/4","경상북도",71
"2017.3/4","경상남도",104
"2017.3/4","제주특별자치도",27
"2017.4/4","계",2229
"2017.4/4","서울특별시",521
"2017.4/4","부산광역시",143
"2017.4/4","대구광역시",114
"2017.4/4","인천광역시",149
"2017.4/4","광주광역시",44
"2017.4/4","대전광역시",65
"2017.4/4","울산광역시",36
"2017.4/4","세종특별자치시",17
"2017.4/4","경기도",668
"2017.4/4","강원특별자치도",49
"2017.4/4","충청북도",53
"2017.4/4","충청남도",63
"2017.4/4","전북특별자치도",74
"2017.4/4","전라남도",28
"2017.4/4","경상북도",72
"2017.4/4","경상남도",106
"2017.4/4","제주특별자치도",27
"2018.1/4","계",2228
"2018.1/4","서울특별시",517
"2018.1/4","부산광역시",140
"2018.1/4","대구광역시",113
"2018.1/4","인천광역시",152
"2018.1/4","광주광역시",43
"2018.1/4","대전광역시",65
"2018.1/4","울산광역시",37
"2018.1/4","세종특별자치시",21
"2018.1/4","경기도",670
"2018.1/4","강원특별자치도",49
"2018.1/4","충청북도",52
"2018.1/4","충청남도",63
"2018.1/4","전북특별자치도",74
"2018.1/4","전라남도",27
"2018.1/4","경상북도",72
"2018.1/4","경상남도",104
"2018.1/4","제주특별자치도",29
"2018.2/4","계",2225
"2018.2/4","서울특별시",515
"2018.2/4","부산광역시",138
"2018.2/4","대구광역시",114
"2018.2/4","인천광역시",151
"2018.2/4","광주광역시",42
"2018.2/4","대전광역시",65
"2018.2/4","울산광역시",36
"2018.2/4","세종특별자치시",21
"2018.2/4","경기도",671
"2018.2/4","강원특별자치도",49
"2018.2/4","충청북도",53
"2018.2/4","충청남도",63
"2018.2/4","전북특별자치도",74
"2018.2/4","전라남도",27
"2018.2/4","경상북도",72
"2018.2/4","경상남도",105
"2018.2/4","제주특별자치도",29
"2018.3/4","계",2224
"2018.3/4","서울특별시",511
"2018.3/4","부산광역시",137
"2018.3/4","대구광역시",114
"2018.3/4","인천광역시",148
"2018.3/4","광주광역시",43
"2018.3/4","대전광역시",64
"2018.3/4","울산광역시",36
"2018.3/4","세종특별자치시",22
"2018.3/4","경기도",671
"2018.3/4","강원특별자치도",53
"2018.3/4","충청북도",52
"2018.3/4","충청남도",64
"2018.3/4","전북특별자치도",75
"2018.3/4","전라남도",27
"2018.3/4","경상북도",73
"2018.3/4","경상남도",106
"2018.3/4","제주특별자치도",28
"2018.4/4","계",2221
"2018.4/4","서울특별시",509
"2018.4/4","부산광역시",137
"2018.4/4","대구광역시",112
"2018.4/4","인천광역시",148
"2018.4/4","광주광역시",43
"2018.4/4","대전광역시",64
"2018.4/4","울산광역시",36
"2018.4/4","세종특별자치시",22
"2018.4/4","경기도",675
"2018.4/4","강원특별자치도",53
"2018.4/4","충청북도",50
"2018.4/4","충청남도",62
"2018.4/4","전북특별자치도",76
"2018.4/4","전라남도",27
"2018.4/4","경상북도",74
"2018.4/4","경상남도",105
"2018.4/4","제주특별자치도",28
"2019.1/4","계",2221
"2019.1/4","서울특별시",502
"2019.1/4","부산광역시",138
"2019.1/4","대구광역시",113
"2019.1/4","인천광역시",148
"2019.1/4","광주광역시",44
"2019.1/4","대전광역시",64
"2019.1/4","울산광역시",37
"2019.1/4","세종특별자치시",22
"2019.1/4","경기도",678
"2019.1/4","강원특별자치도",54
"2019.1/4","충청북도",51
"2019.1/4","충청남도",62
"2019.1/4","전북특별자치도",77
"2019.1/4","전라남도",27
"2019.1/4","경상북도",71
"2019.1/4","경상남도",105
"2019.1/4","제주특별자치도",28
"2019.2/4","계",2224
"2019.2/4","서울특별시",505
"2019.2/4","부산광역시",136
"2019.2/4","대구광역시",112
"2019.2/4","인천광역시",150
"2019.2/4","광주광역시",46
"2019.2/4","대전광역시",63
"2019.2/4","울산광역시",36
"2019.2/4","세종특별자치시",21
"2019.2/4","경기도",681
"2019.2/4","강원특별자치도",54
"2019.2/4","충청북도",51
"2019.2/4","충청남도",62
"2019.2/4","전북특별자치도",76
"2019.2/4","전라남도",27
"2019.2/4","경상북도",71
"2019.2/4","경상남도",104
"2019.2/4","제주특별자치도",29
"2019.3/4","계",2232
"2019.3/4","서울특별시",500
"2019.3/4","부산광역시",135
"2019.3/4","대구광역시",114
"2019.3/4","인천광역시",150
"2019.3/4","광주광역시",47
"2019.3/4","대전광역시",62
"2019.3/4","울산광역시",36
"2019.3/4","세종특별자치시",21
"2019.3/4","경기도",689
"2019.3/4","강원특별자치도",54
"2019.3/4","충청북도",51
"2019.3/4","충청남도",63
"2019.3/4","전북특별자치도",76
"2019.3/4","전라남도",27
"2019.3/4","경상북도",73
"2019.3/4","경상남도",103
"2019.3/4","제주특별자치도",31
"2019.4/4","계",2227
"2019.4/4","서울특별시",501
"2019.4/4","부산광역시",134
"2019.4/4","대구광역시",115
"2019.4/4","인천광역시",149
"2019.4/4","광주광역시",47
"2019.4/4","대전광역시",62
"2019.4/4","울산광역시",36
"2019.4/4","세종특별자치시",21
"2019.4/4","경기도",687
"2019.4/4","강원특별자치도",54
"2019.4/4","충청북도",51
"2019.4/4","충청남도",62
"2019.4/4","전북특별자치도",76
"2019.4/4","전라남도",27
"2019.4/4","경상북도",73
"2019.4/4","경상남도",100
"2019.4/4","제주특별자치도",32
"2020.1/4","계",2212
"2020.1/4","서울특별시",494
"2020.1/4","부산광역시",133
"2020.1/4","대구광역시",117
"2020.1/4","인천광역시",147
"2020.1/4","광주광역시",47
"2020.1/4","대전광역시",62
"2020.1/4","울산광역시",34
"2020.1/4","세종특별자치시",21
"2020.1/4","경기도",686
"2020.1/4","강원특별자치도",57
"2020.1/4","충청북도",51
"2020.1/4","충청남도",62
"2020.1/4","전북특별자치도",72
"2020.1/4","전라남도",26
"2020.1/4","경상북도",72
"2020.1/4","경상남도",99
"2020.1/4","제주특별자치도",32
"2020.2/4","계",2194
"2020.2/4","서울특별시",491
"2020.2/4","부산광역시",129
"2020.2/4","대구광역시",117
"2020.2/4","인천광역시",142
"2020.2/4","광주광역시",46
"2020.2/4","대전광역시",61
"2020.2/4","울산광역시",33
"2020.2/4","세종특별자치시",22
"2020.2/4","경기도",684
"2020.2/4","강원특별자치도",57
"2020.2/4","충청북도",51
"2020.2/4","충청남도",63
"2020.2/4","전북특별자치도",72
"2020.2/4","전라남도",24
"2020.2/4","경상북도",72
"2020.2/4","경상남도",98
"2020.2/4","제주특별자치도",32
"2020.3/4","계",2181
"2020.3/4","서울특별시",486
"2020.3/4","부산광역시",127
"2020.3/4","대구광역시",115
"2020.3/4","인천광역시",140
"2020.3/4","광주광역시",44
"2020.3/4","대전광역시",61
"2020.3/4","울산광역시",33
"2020.3/4","세종특별자치시",22
"2020.3/4","경기도",679
"2020.3/4","강원특별자치도",56
"2020.3/4","충청북도",51
"2020.3/4","충청남도",67
"2020.3/4","전북특별자치도",70
"2020.3/4","전라남도",25
"2020.3/4","경상북도",72
"2020.3/4","경상남도",99
"2020.3/4","제주특별자치도",34
"2020.4/4","계",2158
"2020.4/4","서울특별시",475
"2020.4/4","부산광역시",128
"2020.4/4","대구광역시",112
"2020.4/4","인천광역시",140
"2020.4/4","광주광역시",43
"2020.4/4","대전광역시",59
"2020.4/4","울산광역시",35
"2020.4/4","세종특별자치시",22
"2020.4/4","경기도",672
"2020.4/4","강원특별자치도",56
"2020.4/4","충청북도",51
"2020.4/4","충청남도",67
"2020.4/4","전북특별자치도",68
"2020.4/4","전라남도",25
"2020.4/4","경상북도",73
"2020.4/4","경상남도",98
"2020.4/4","제주특별자치도",34
"2021.1/4","계",2141
"2021.1/4","서울특별시",468
"2021.1/4","부산광역시",132
"2021.1/4","대구광역시",112
"2021.1/4","인천광역시",138
"2021.1/4","광주광역시",44
"2021.1/4","대전광역시",58
"2021.1/4","울산광역시",34
"2021.1/4","세종특별자치시",23
"2021.1/4","경기도",665
"2021.1/4","강원특별자치도",55
"2021.1/4","충청북도",53
"2021.1/4","충청남도",65
"2021.1/4","전북특별자치도",67
"2021.1/4","전라남도",27
"2021.1/4","경상북도",71
"2021.1/4","경상남도",95
"2021.1/4","제주특별자치도",34
"2021.2/4","계",2118
"2021.2/4","서울특별시",458
"2021.2/4","부산광역시",133
"2021.2/4","대구광역시",113
"2021.2/4","인천광역시",136
"2021.2/4","광주광역시",44
"2021.2/4","대전광역시",58
"2021.2/4","울산광역시",34
"2021.2/4","세종특별자치시",22
"2021.2/4","경기도",662
"2021.2/4","강원특별자치도",53
"2021.2/4","충청북도",54
"2021.2/4","충청남도",64
"2021.2/4","전북특별자치도",66
"2021.2/4","전라남도",26
"2021.2/4","경상북도",69
"2021.2/4","경상남도",92
"2021.2/4","제주특별자치도",34
"2021.3/4","계",2119
"2021.3/4","서울특별시",458
"2021.3/4","부산광역시",134
"2021.3/4","대구광역시",113
"2021.3/4","인천광역시",136
"2021.3/4","광주광역시",43
"2021.3/4","대전광역시",59
"2021.3/4","울산광역시",34
"2021.3/4","세종특별자치시",22
"2021.3/4","경기도",660
"2021.3/4","강원특별자치도",55
"2021.3/4","충청북도",54
"2021.3/4","충청남도",64
"2021.3/4","전북특별자치도",66
"2021.3/4","전라남도",26
"2021.3/4","경상북도",70
"2021.3/4","경상남도",91
"2021.3/4","제주특별자치도",34
"2021.4/4","계",2111
"2021.4/4","서울특별시",455
"2021.4/4","부산광역시",132
"2021.4/4","대구광역시",114
"2021.4/4","인천광역시",137
"2021.4/4","광주광역시",42
"2021.4/4","대전광역시",59
"2021.4/4","울산광역시",32
"2021.4/4","세종특별자치시",22
"2021.4/4","경기도",657
"2021.4/4","강원특별자치도",56
"2021.4/4","충청북도",54
"2021.4/4","충청남도",64
"2021.4/4","전북특별자치도",65
"2021.4/4","전라남도",26
"2021.4/4","경상북도",71
"2021.4/4","경상남도",91
"2021.4/4","제주특별자치도",34
"2022.1/4","계",2104
"2022.1/4","서울특별시",452
"2022.1/4","부산광역시",132
"2022.1/4","대구광역시",115
"2022.1/4","인천광역시",138
"2022.1/4","광주광역시",40
"2022.1/4","대전광역시",59
"2022.1/4","울산광역시",32
"2022.1/4","세종특별자치시",22
"2022.1/4","경기도",652
"2022.1/4","강원특별자치도",56
"2022.1/4","충청북도",54
"2022.1/4","충청남도",65
"2022.1/4","전북특별자치도",63
"2022.1/4","전라남도",26
"2022.1/4","경상북도",72
"2022.1/4","경상남도",92
"2022.1/4","제주특별자치도",34
"2022.2/4","계",2111
"2022.2/4","서울특별시",454
"2022.2/4","부산광역시",137
"2022.2/4","대구광역시",115
"2022.2/4","인천광역시",139
"2022.2/4","광주광역시",41
"2022.2/4","대전광역시",58
"2022.2/4","울산광역시",32
"2022.2/4","세종특별자치시",22
"2022.2/4","경기도",652
"2022.2/4","강원특별자치도",56
"2022.2/4","충청북도",54
"2022.2/4","충청남도",64
"2022.2/4","전북특별자치도",65
"2022.2/4","전라남도",26
"2022.2/4","경상북도",70
"2022.2/4","경상남도",92
"2022.2/4","제주특별자치도",34
"2022.3/4","계",2129
"2022.3/4","서울특별시",454
"2022.3/4","부산광역시",136
"2022.3/4","대구광역시",116
"2022.3/4","인천광역시",141
"2022.3/4","광주광역시",41
"2022.3/4","대전광역시",58
"2022.3/4","울산광역시",32
"2022.3/4","세종특별자치시",22
"2022.3/4","경기도",663
"2022.3/4","강원특별자치도",57
"2022.3/4","충청북도",55
"2022.3/4","충청남도",66
"2022.3/4","전북특별자치도",66
"2022.3/4","전라남도",26
"2022.3/4","경상북도",70
"2022.3/4","경상남도",92
"2022.3/4","제주특별자치도",34
"2022.4/4","계",2135
"2022.4/4","서울특별시",456
"2022.4/4","부산광역시",135
"2022.4/4","대구광역시",115
"2022.4/4","인천광역시",141
"2022.4/4","광주광역시",41
"2022.4/4","대전광역시",58
"2022.4/4","울산광역시",32
"2022.4/4","세종특별자치시",22
"2022.4/4","경기도",668
"2022.4/4","강원특별자치도",57
"2022.4/4","충청북도",54
"2022.4/4","충청남도",66
"2022.4/4","전북특별자치도",66
"2022.4/4","전라남도",26
"2022.4/4","경상북도",70
"2022.4/4","경상남도",92
"2022.4/4","제주특별자치도",36
"2023.1/4","계",2147
"2023.1/4","서울특별시",456
"2023.1/4","부산광역시",136
"2023.1/4","대구광역시",115
"2023.1/4","인천광역시",139
"2023.1/4","광주광역시",42
"2023.1/4","대전광역시",58
"2023.1/4","울산광역시",32
"2023.1/4","세종특별자치시",25
"2023.1/4","경기도",674
"2023.1/4","강원특별자치도",57
"2023.1/4","충청북도",56
"2023.1/4","충청남도",66
"2023.1/4","전북특별자치도",67
"2023.1/4","전라남도",26
"2023.1/4","경상북도",70
"2023.1/4","경상남도",92
"2023.1/4","제주특별자치도",36
"2023.2/4","계",2143
"2023.2/4","서울특별시",452
"2023.2/4","부산광역시",136
"2023.2/4","대구광역시",115
"2023.2/4","인천광역시",139
"2023.2/4","광주광역시",43
"2023.2/4","대전광역시",58
"2023.2/4","울산광역시",34
"2023.2/4","세종특별자치시",26
"2023.2/4","경기도",670
"2023.2/4","강원특별자치도",57
"2023.2/4","충청북도",56
"2023.2/4","충청남도",65
"2023.2/4","전북특별자치도",66
"2023.2/4","전라남도",26
"2023.2/4","경상북도",70
"2023.2/4","경상남도",93
"2023.2/4","제주특별자치도",37
"2023.3/4","계",2145
"2023.3/4","서울특별시",450
"2023.3/4","부산광역시",136
"2023.3/4","대구광역시",115
"2023.3/4","인천광역시",141
"2023.3/4","광주광역시",43
"2023.3/4","대전광역시",57
"2023.3/4","울산광역시",34
"2023.3/4","세종특별자치시",26
"2023.3/4","경기도",675
"2023.3/4","강원특별자치도",57
"2023.3/4","충청북도",56
"2023.3/4","충청남도",65
"2023.3/4","전북특별자치도",65
"2023.3/4","전라남도",25
"2023.3/4","경상북도",69
"2023.3/4","경상남도",94
"2023.3/4","제주특별자치도",37
"2023.4/4","계",2152
"2023.4/4","서울특별시",451
"2023.4/4","부산광역시",137
"2023.4/4","대구광역시",116
"2023.4/4","인천광역시",143
"2023.4/4","광주광역시",42
"2023.4/4","대전광역시",56
"2023.4/4","울산광역시",34
"2023.4/4","세종특별자치시",26
"2023.4/4","경기도",680
"2023.4/4","강원특별자치도",57
"2023.4/4","충청북도",56
"2023.4/4","충청남도",65
"2023.4/4","전북특별자치도",65
"2023.4/4","전라남도",25
"2023.4/4","경상북도",68
"2023.4/4","경상남도",95
"2023.4/4","제주특별자치도",36
"2024.1/4","계",2183
"2024.1/4","서울특별시",459
"2024.1/4","부산광역시",141
"2024.1/4","대구광역시",114
"2024.1/4","인천광역시",144
"2024.1/4","광주광역시",42
"2024.1/4","대전광역시",56
"2024.1/4","울산광역시",34
"2024.1/4","세종특별자치시",27
"2024.1/4","경기도",689
"2024.1/4","강원특별자치도",57
"2024.1/4","충청북도",56
"2024.1/4","충청남도",65
"2024.1/4","전북특별자치도",67
"2024.1/4","전라남도",26
"2024.1/4","경상북도",73
"2024.1/4","경상남도",98
"2024.1/4","제주특별자치도",35
"2024.2/4","계",2185
"2024.2/4","서울특별시",459
"2024.2/4","부산광역시",140
"2024.2/4","대구광역시",116
"2024.2/4","인천광역시",145
"2024.2/4","광주광역시",42
"2024.2/4","대전광역시",57
"2024.2/4","울산광역시",33
"2024.2/4","세종특별자치시",27
"2024.2/4","경기도",694
"2024.2/4","강원특별자치도",56
"2024.2/4","충청북도",56
"2024.2/4","충청남도",65
"2024.2/4","전북특별자치도",66
"2024.2/4","전라남도",25
"2024.2/4","경상북도",72
"2024.2/4","경상남도",97
"2024.2/4","제주특별자치도",35
"2024.3/4","계",2184
"2024.3/4","서울특별시",455
"2024.3/4","부산광역시",141
"2024.3/4","대구광역시",117
"2024.3/4","인천광역시",144
"2024.3/4","광주광역시",41
"2024.3/4","대전광역시",56
"2024.3/4","울산광역시",33
"2024.3/4","세종특별자치시",27
"2024.3/4","경기도",700
"2024.3/4","강원특별자치도",56
"2024.3/4","충청북도",56
"2024.3/4","충청남도",64
"2024.3/4","전북특별자치도",66
"2024.3/4","전라남도",25
"2024.3/4","경상북도",72
"2024.3/4","경상남도",96
"2024.3/4","제주특별자치도",35
"2024.4/4","계",2187
"2024.4/4","서울특별시",456
"2024.4/4","부산광역시",141
"2024.4/4","대구광역시",118
"2024.4/4","인천광역시",144
"2024.4/4","광주광역시",41
"2024.4/4","대전광역시",56
"2024.4/4","울산광역시",33
"2024.4/4","세종특별자치시",27
"2024.4/4","경기도",702
"2024.4/4","강원특별자치도",56
"2024.4/4","충청북도",56
"2024.4/4","충청남도",64
"2024.4/4","전북특별자치도",66
"2024.4/4","전라남도",25
"2024.4/4","경상북도",72
"2024.4/4","경상남도",95
"2024.4/4","제주특별자치도",35
"2025.1/4","계",2181
"2025.1/4","서울특별시",455
"2025.1/4","부산광역시",142
"2025.1/4","대구광역시",118
"2025.1/4","인천광역시",144
"2025.1/4","광주광역시",39
"2025.1/4","대전광역시",56
"2025.1/4","울산광역시",32
"2025.1/4","세종특별자치시",27
"2025.1/4","경기도",700
"2025.1/4","강원특별자치도",56
"2025.1/4","충청북도",57
"2025.1/4","충청남도",62
"2025.1/4","전북특별자치도",66
"2025.1/4","전라남도",25
"2025.1/4","경상북도",71
"2025.1/4","경상남도",96
"2025.1/4","제주특별자치도",35
"2025.2/4","계",2181
"2025.2/4","서울특별시",458
"2025.2/4","부산광역시",142
"2025.2/4","대구광역시",119
"2025.2/4","인천광역시",146
"2025.2/4","광주광역시",39
"2025.2/4","대전광역시",57
"2025.2/4","울산광역시",32
"2025.2/4","세종특별자치시",27
"2025.2/4","경기도",697
"2025.2/4","강원특별자치도",56
"2025.2/4","충청북도",56
"2025.2/4","충청남도",63
"2025.2/4","전북특별자치도",64
"2025.2/4","전라남도",24
"2025.2/4","경상북도",71
"2025.2/4","경상남도",95
"2025.2/4","제주특별자치도",35
"2025.3/4","계",2175
"2025.3/4","서울특별시",456
"2025.3/4","부산광역시",140
"2025.3/4","대구광역시",119
"2025.3/4","인천광역시",144
"2025.3/4","광주광역시",40
"2025.3/4","대전광역시",56
"2025.3/4","울산광역시",32
"2025.3/4","세종특별자치시",26
"2025.3/4","경기도",694
"2025.3/4","강원특별자치도",56
"2025.3/4","충청북도",56
"2025.3/4","충청남도",63
"2025.3/4","전북특별자치도",66
"2025.3/4","전라남도",24
"2025.3/4","경상북도",71
"2025.3/4","경상남도",97
"2025.3/4","제주특별자치도",35
"2025.4/4","계",2156
"2025.4/4","서울특별시",448
"2025.4/4","부산광역시",139
"2025.4/4","대구광역시",120
"2025.4/4","인천광역시",142
"2025.4/4","광주광역시",40
"2025.4/4","대전광역시",56
"2025.4/4","울산광역시",32
"2025.4/4","세종특별자치시",26
"2025.4/4","경기도",687
"2025.4/4","강원특별자치도",56
"2025.4/4","충청북도",56
"2025.4/4","충청남도",63
"2025.4/4","전북특별자치도",64
"2025.4/4","전라남도",24
"2025.4/4","경상북도",72
"2025.4/4","경상남도",97
"2025.4/4","제주특별자치도",34
