시도_원본,시도,기준연월,총인구수,고령인구수_65세이상,고령인구비율,연도
서울특별시,서울특별시,2015-12,10022181,1262436,12.6,2015
부산광역시,부산광역시,2015-12,3513777,514630,14.65,2015
대구광역시,대구광역시,2015-12,2487829,316122,12.71,2015
인천광역시,인천광역시,2015-12,2925815,312905,10.69,2015
광주광역시,광주광역시,2015-12,1472199,166389,11.3,2015
대전광역시,대전광역시,2015-12,1518775,165528,10.9,2015
울산광역시,울산광역시,2015-12,1173534,103205,8.79,2015
세종특별자치시,세종특별자치시,2015-12,210884,22399,10.62,2015
경기도,경기도,2015-12,12522606,1318882,10.53,2015
강원도,강원특별자치도,2015-12,1549507,261671,16.89,2015
충청북도,충청북도,2015-12,1583952,234813,14.82,2015
충청남도,충청남도,2015-12,2077649,341214,16.42,2015
전라북도,전북특별자치도,2015-12,1869711,333524,17.84,2015
전라남도,전라남도,2015-12,1908996,391837,20.53,2015
경상북도,경상북도,2015-12,2702826,479634,17.75,2015
경상남도,경상남도,2015-12,3364702,464019,13.79,2015
제주특별자치도,제주특별자치도,2015-12,624395,85893,13.76,2015
서울특별시,서울특별시,2016-12,9930616,1295899,13.05,2016
부산광역시,부산광역시,2016-12,3498529,536064,15.32,2016
대구광역시,대구광역시,2016-12,2484557,328901,13.24,2016
인천광역시,인천광역시,2016-12,2943069,324255,11.02,2016
광주광역시,광주광역시,2016-12,1469214,172572,11.75,2016
대전광역시,대전광역시,2016-12,1514370,171568,11.33,2016
울산광역시,울산광역시,2016-12,1172304,108768,9.28,2016
세종특별자치시,세종특별자치시,2016-12,243048,24197,9.96,2016
경기도,경기도,2016-12,12716780,1374475,10.81,2016
강원도,강원특별자치도,2016-12,1550806,266152,17.16,2016
충청북도,충청북도,2016-12,1591625,240690,15.12,2016
충청남도,충청남도,2016-12,2096727,350108,16.7,2016
전라북도,전북특별자치도,2016-12,1864791,341203,18.3,2016
전라남도,전라남도,2016-12,1903914,398916,20.95,2016
경상북도,경상북도,2016-12,2700398,492417,18.23,2016
경상남도,경상남도,2016-12,3373871,480278,14.24,2016
제주특별자치도,제주특별자치도,2016-12,641597,89189,13.9,2016
서울특별시,서울특별시,2017-12,9857426,1359901,13.8,2017
부산광역시,부산광역시,2017-12,3470653,565527,16.29,2017
대구광역시,대구광역시,2017-12,2475231,347459,14.04,2017
인천광역시,인천광역시,2017-12,2948542,345024,11.7,2017
광주광역시,광주광역시,2017-12,1463770,180862,12.36,2017
대전광역시,대전광역시,2017-12,1502227,180667,12.03,2017
울산광역시,울산광역시,2017-12,1165132,116633,10.01,2017
세종특별자치시,세종특별자치시,2017-12,280100,26851,9.59,2017
경기도,경기도,2017-12,12873895,1467835,11.4,2017
강원도,강원특별자치도,2017-12,1550142,279976,18.06,2017
충청북도,충청북도,2017-12,1594432,252434,15.83,2017
충청남도,충청남도,2017-12,2116770,362946,17.15,2017
전라북도,전북특별자치도,2017-12,1854607,351282,18.94,2017
전라남도,전라남도,2017-12,1896424,408451,21.54,2017
경상북도,경상북도,2017-12,2691706,512681,19.05,2017
경상남도,경상남도,2017-12,3380404,504460,14.92,2017
제주특별자치도,제주특별자치도,2017-12,657083,93117,14.17,2017
서울특별시,서울특별시,2018-12,9765623,1410297,14.44,2018
부산광역시,부산광역시,2018-12,3441453,589961,17.14,2018
대구광역시,대구광역시,2018-12,2461769,362934,14.74,2018
인천광역시,인천광역시,2018-12,2954642,362675,12.27,2018
광주광역시,광주광역시,2018-12,1459336,187186,12.83,2018
대전광역시,대전광역시,2018-12,1489936,188530,12.65,2018
울산광역시,울산광역시,2018-12,1155623,123919,10.72,2018
세종특별자치시,세종특별자치시,2018-12,314126,29178,9.29,2018
경기도,경기도,2018-12,13077153,1551801,11.87,2018
강원도,강원특별자치도,2018-12,1543052,289386,18.75,2018
충청북도,충청북도,2018-12,1599252,261763,16.37,2018
충청남도,충청남도,2018-12,2126282,372515,17.52,2018
전라북도,전북특별자치도,2018-12,1836832,358410,19.51,2018
전라남도,전라남도,2018-12,1882970,413132,21.94,2018
경상북도,경상북도,2018-12,2676831,529349,19.78,2018
경상남도,경상남도,2018-12,3373988,523165,15.51,2018
제주특별자치도,제주특별자치도,2018-12,667191,96207,14.42,2018
서울특별시,서울특별시,2019-12,9729107,1478664,15.2,2019
부산광역시,부산광역시,2019-12,3413841,620123,18.16,2019
대구광역시,대구광역시,2019-12,2438031,379277,15.56,2019
인천광역시,인천광역시,2019-12,2957026,384548,13.0,2019
광주광역시,광주광역시,2019-12,1456468,195479,13.42,2019
대전광역시,대전광역시,2019-12,1474870,198691,13.47,2019
울산광역시,울산광역시,2019-12,1148019,132565,11.55,2019
세종특별자치시,세종특별자치시,2019-12,340575,31949,9.38,2019
경기도,경기도,2019-12,13239666,1651341,12.47,2019
강원도,강원특별자치도,2019-12,1541502,302886,19.65,2019
충청북도,충청북도,2019-12,1600007,273425,17.09,2019
충청남도,충청남도,2019-12,2123709,386674,18.21,2019
전라북도,전북특별자치도,2019-12,1818917,370676,20.38,2019
전라남도,전라남도,2019-12,1868745,422548,22.61,2019
경상북도,경상북도,2019-12,2665836,549415,20.61,2019
경상남도,경상남도,2019-12,3362553,548257,16.3,2019
제주특별자치도,제주특별자치도,2019-12,670989,100397,14.96,2019
서울특별시,서울특별시,2020-12,9668465,1561139,16.15,2020
부산광역시,부산광역시,2020-12,3391946,657711,19.39,2020
대구광역시,대구광역시,2020-12,2418346,400494,16.56,2020
인천광역시,인천광역시,2020-12,2942828,411483,13.98,2020
광주광역시,광주광역시,2020-12,1450062,205666,14.18,2020
대전광역시,대전광역시,2020-12,1463882,210784,14.4,2020
울산광역시,울산광역시,2020-12,1136017,143367,12.62,2020
세종특별자치시,세종특별자치시,2020-12,355831,34881,9.8,2020
경기도,경기도,2020-12,13427014,1775315,13.22,2020
강원도,강원특별자치도,2020-12,1542840,319691,20.72,2020
충청북도,충청북도,2020-12,1600837,288148,18.0,2020
충청남도,충청남도,2020-12,2121029,405188,19.1,2020
전라북도,전북특별자치도,2020-12,1804104,386203,21.41,2020
전라남도,전라남도,2020-12,1851549,435880,23.54,2020
경상북도,경상북도,2020-12,2639422,573715,21.74,2020
경상남도,경상남도,2020-12,3340216,580258,17.37,2020
제주특별자치도,제주특별자치도,2020-12,674635,106154,15.74,2020
서울특별시,서울특별시,2021-12,9509458,1597447,16.8,2021
부산광역시,부산광역시,2021-12,3350380,681885,20.35,2021
대구광역시,대구광역시,2021-12,2385412,417060,17.48,2021
인천광역시,인천광역시,2021-12,2948375,435431,14.77,2021
광주광역시,광주광역시,2021-12,1441611,213291,14.8,2021
대전광역시,대전광역시,2021-12,1452251,221207,15.23,2021
울산광역시,울산광역시,2021-12,1121592,152961,13.64,2021
세종특별자치시,세종특별자치시,2021-12,371895,37463,10.07,2021
경기도,경기도,2021-12,13565450,1881464,13.87,2021
강원도,강원특별자치도,2021-12,1538492,333176,21.66,2021
충청북도,충청북도,2021-12,1597427,301516,18.88,2021
충청남도,충청남도,2021-12,2119257,419979,19.82,2021
전라북도,전북특별자치도,2021-12,1786855,397619,22.25,2021
전라남도,전라남도,2021-12,1832803,445198,24.29,2021
경상북도,경상북도,2021-12,2626609,596312,22.7,2021
경상남도,경상남도,2021-12,3314183,608379,18.36,2021
제주특별자치도,제주특별자치도,2021-12,676759,110645,16.35,2021
서울특별시,서울특별시,2022-12,9428372,1658207,17.59,2022
부산광역시,부산광역시,2022-12,3317812,712412,21.47,2022
대구광역시,대구광역시,2022-12,2363691,435698,18.43,2022
인천광역시,인천광역시,2022-12,2967314,463850,15.63,2022
광주광역시,광주광역시,2022-12,1431050,222970,15.58,2022
대전광역시,대전광역시,2022-12,1446072,232663,16.09,2022
울산광역시,울산광역시,2022-12,1110663,163812,14.75,2022
세종특별자치시,세종특별자치시,2022-12,383591,40219,10.48,2022
경기도,경기도,2022-12,13589432,1992807,14.66,2022
강원도,강원특별자치도,2022-12,1536498,349874,22.77,2022
충청북도,충청북도,2022-12,1595058,316939,19.87,2022
충청남도,충청남도,2022-12,2123037,436895,20.58,2022
전라북도,전북특별자치도,2022-12,1769607,410619,23.2,2022
전라남도,전라남도,2022-12,1817697,457481,25.17,2022
경상북도,경상북도,2022-12,2600492,618275,23.78,2022
경상남도,경상남도,2022-12,3280493,638801,19.47,2022
제주특별자치도,제주특별자치도,2022-12,678159,115768,17.07,2022
서울특별시,서울특별시,2023-12,9386034,1733580,18.47,2023
부산광역시,부산광역시,2023-12,3293362,745199,22.63,2023
대구광역시,대구광역시,2023-12,2374960,466338,19.64,2023
인천광역시,인천광역시,2023-12,2997410,497057,16.58,2023
광주광역시,광주광역시,2023-12,1419237,233878,16.48,2023
대전광역시,대전광역시,2023-12,1442216,244756,16.97,2023
울산광역시,울산광역시,2023-12,1103661,175709,15.92,2023
세종특별자치시,세종특별자치시,2023-12,386525,42560,11.01,2023
경기도,경기도,2023-12,13630821,2122718,15.57,2023
강원특별자치도,강원특별자치도,2023-12,1527807,366555,23.99,2023
충청북도,충청북도,2023-12,1593469,332237,20.85,2023
충청남도,충청남도,2023-12,2130119,454534,21.34,2023
전라북도,전북특별자치도,2023-12,1754757,423128,24.11,2023
전라남도,전라남도,2023-12,1804217,470874,26.1,2023
경상북도,경상북도,2023-12,2554324,630486,24.68,2023
경상남도,경상남도,2023-12,3251158,669646,20.6,2023
제주특별자치도,제주특별자치도,2023-12,675252,121156,17.94,2023
서울특별시,서울특별시,2024-12,9331828,1813648,19.44,2024
부산광역시,부산광역시,2024-12,3266598,780576,23.9,2024
대구광역시,대구광역시,2024-12,2363629,493256,20.87,2024
인천광역시,인천광역시,2024-12,3021010,533369,17.66,2024
광주광역시,광주광역시,2024-12,1408422,246980,17.54,2024
대전광역시,대전광역시,2024-12,1439157,259245,18.01,2024
울산광역시,울산광역시,2024-12,1098049,188702,17.19,2024
세종특별자치시,세종특별자치시,2024-12,390685,45301,11.6,2024
경기도,경기도,2024-12,13694685,2269603,16.57,2024
강원특별자치도,강원특별자치도,2024-12,1517766,384970,25.36,2024
충청북도,충청북도,2024-12,1591177,349187,21.95,2024
충청남도,충청남도,2024-12,2136574,475648,22.26,2024
전북특별자치도,전북특별자치도,2024-12,1738690,439263,25.26,2024
전라남도,전라남도,2024-12,1788819,486492,27.2,2024
경상북도,경상북도,2024-12,2531384,659227,26.04,2024
경상남도,경상남도,2024-12,3228380,704330,21.82,2024
제주특별자치도,제주특별자치도,2024-12,670368,126985,18.94,2024
