"시도별(1)",2015.1/4,2015.1/4,2015.1/4,2015.1/4,2015.1/4,2015.1/4,2015.1/4,2015.1/4,2015.1/4,2015.1/4,2015.1/4,2015.1/4,2015.1/4,2015.1/4,2015.1/4,2015.1/4,2015.2/4,2015.2/4,2015.2/4,2015.2/4,2015.2/4,2015.2/4,2015.2/4,2015.2/4,2015.2/4,2015.2/4,2015.2/4,2015.2/4,2015.2/4,2015.2/4,2015.2/4,2015.2/4,2015.3/4,2015.3/4,2015.3/4,2015.3/4,2015.3/4,2015.3/4,2015.3/4,2015.3/4,2015.3/4,2015.3/4,2015.3/4,2015.3/4,2015.3/4,2015.3/4,2015.3/4,2015.3/4,2015.4/4,2015.4/4,2015.4/4,2015.4/4,2015.4/4,2015.4/4,2015.4/4,2015.4/4,2015.4/4,2015.4/4,2015.4/4,2015.4/4,2015.4/4,2015.4/4,2015.4/4,2015.4/4,2016.1/4,2016.1/4,2016.1/4,2016.1/4,2016.1/4,2016.1/4,2016.1/4,2016.1/4,2016.1/4,2016.1/4,2016.1/4,2016.1/4,2016.1/4,2016.1/4,2016.1/4,2016.1/4,2016.2/4,2016.2/4,2016.2/4,2016.2/4,2016.2/4,2016.2/4,2016.2/4,2016.2/4,2016.2/4,2016.2/4,2016.2/4,2016.2/4,2016.2/4,2016.2/4,2016.2/4,2016.2/4,2016.3/4,2016.3/4,2016.3/4,2016.3/4,2016.3/4,2016.3/4,2016.3/4,2016.3/4,2016.3/4,2016.3/4,2016.3/4,2016.3/4,2016.3/4,2016.3/4,2016.3/4,2016.3/4,2016.4/4,2016.4/4,2016.4/4,2016.4/4,2016.4/4,2016.4/4,2016.4/4,2016.4/4,2016.4/4,2016.4/4,2016.4/4,2016.4/4,2016.4/4,2016.4/4,2016.4/4,2016.4/4,2017.1/4,2017.1/4,2017.1/4,2017.1/4,2017.1/4,2017.1/4,2017.1/4,2017.1/4,2017.1/4,2017.1/4,2017.1/4,2017.1/4,2017.1/4,2017.1/4,2017.1/4,2017.1/4,2017.2/4,2017.2/4,2017.2/4,2017.2/4,2017.2/4,2017.2/4,2017.2/4,2017.2/4,2017.2/4,2017.2/4,2017.2/4,2017.2/4,2017.2/4,2017.2/4,2017.2/4,2017.2/4,2017.3/4,2017.3/4,2017.3/4,2017.3/4,2017.3/4,2017.3/4,2017.3/4,2017.3/4,2017.3/4,2017.3/4,2017.3/4,2017.3/4,2017.3/4,2017.3/4,2017.3/4,2017.3/4,2017.4/4,2017.4/4,2017.4/4,2017.4/4,2017.4/4,2017.4/4,2017.4/4,2017.4/4,2017.4/4,2017.4/4,2017.4/4,2017.4/4,2017.4/4,2017.4/4,2017.4/4,2017.4/4,2018.1/4,2018.1/4,2018.1/4,2018.1/4,2018.1/4,2018.1/4,2018.1/4,2018.1/4,2018.1/4,2018.1/4,2018.1/4,2018.1/4,2018.1/4,2018.1/4,2018.1/4,2018.1/4,2018.2/4,2018.2/4,2018.2/4,2018.2/4,2018.2/4,2018.2/4,2018.2/4,2018.2/4,2018.2/4,2018.2/4,2018.2/4,2018.2/4,2018.2/4,2018.2/4,2018.2/4,2018.2/4,2018.3/4,2018.3/4,2018.3/4,2018.3/4,2018.3/4,2018.3/4,2018.3/4,2018.3/4,2018.3/4,2018.3/4,2018.3/4,2018.3/4,2018.3/4,2018.3/4,2018.3/4,2018.3/4,2018.4/4,2018.4/4,2018.4/4,2018.4/4,2018.4/4,2018.4/4,2018.4/4,2018.4/4,2018.4/4,2018.4/4,2018.4/4,2018.4/4,2018.4/4,2018.4/4,2018.4/4,2018.4/4,2019.1/4,2019.1/4,2019.1/4,2019.1/4,2019.1/4,2019.1/4,2019.1/4,2019.1/4,2019.1/4,2019.1/4,2019.1/4,2019.1/4,2019.1/4,2019.1/4,2019.1/4,2019.1/4,2019.2/4,2019.2/4,2019.2/4,2019.2/4,2019.2/4,2019.2/4,2019.2/4,2019.2/4,2019.2/4,2019.2/4,2019.2/4,2019.2/4,2019.2/4,2019.2/4,2019.2/4,2019.2/4,2019.3/4,2019.3/4,2019.3/4,2019.3/4,2019.3/4,2019.3/4,2019.3/4,2019.3/4,2019.3/4,2019.3/4,2019.3/4,2019.3/4,2019.3/4,2019.3/4,2019.3/4,2019.3/4,2019.4/4,2019.4/4,2019.4/4,2019.4/4,2019.4/4,2019.4/4,2019.4/4,2019.4/4,2019.4/4,2019.4/4,2019.4/4,2019.4/4,2019.4/4,2019.4/4,2019.4/4,2019.4/4,2020.1/4,2020.1/4,2020.1/4,2020.1/4,2020.1/4,2020.1/4,2020.1/4,2020.1/4,2020.1/4,2020.1/4,2020.1/4,2020.1/4,2020.1/4,2020.1/4,2020.1/4,2020.1/4,2020.2/4,2020.2/4,2020.2/4,2020.2/4,2020.2/4,2020.2/4,2020.2/4,2020.2/4,2020.2/4,2020.2/4,2020.2/4,2020.2/4,2020.2/4,2020.2/4,2020.2/4,2020.2/4,2020.3/4,2020.3/4,2020.3/4,2020.3/4,2020.3/4,2020.3/4,2020.3/4,2020.3/4,2020.3/4,2020.3/4,2020.3/4,2020.3/4,2020.3/4,2020.3/4,2020.3/4,2020.3/4,2020.4/4,2020.4/4,2020.4/4,2020.4/4,2020.4/4,2020.4/4,2020.4/4,2020.4/4,2020.4/4,2020.4/4,2020.4/4,2020.4/4,2020.4/4,2020.4/4,2020.4/4,2020.4/4,2021.1/4,2021.1/4,2021.1/4,2021.1/4,2021.1/4,2021.1/4,2021.1/4,2021.1/4,2021.1/4,2021.1/4,2021.1/4,2021.1/4,2021.1/4,2021.1/4,2021.1/4,2021.1/4,2021.1/4,2021.2/4,2021.2/4,2021.2/4,2021.2/4,2021.2/4,2021.2/4,2021.2/4,2021.2/4,2021.2/4,2021.2/4,2021.2/4,2021.2/4,2021.2/4,2021.2/4,2021.2/4,2021.2/4,2021.2/4,2021.3/4,2021.3/4,2021.3/4,2021.3/4,2021.3/4,2021.3/4,2021.3/4,2021.3/4,2021.3/4,2021.3/4,2021.3/4,2021.3/4,2021.3/4,2021.3/4,2021.3/4,2021.3/4,2021.3/4,2021.4/4,2021.4/4,2021.4/4,2021.4/4,2021.4/4,2021.4/4,2021.4/4,2021.4/4,2021.4/4,2021.4/4,2021.4/4,2021.4/4,2021.4/4,2021.4/4,2021.4/4,2021.4/4,2021.4/4,2022.1/4,2022.1/4,2022.1/4,2022.1/4,2022.1/4,2022.1/4,2022.1/4,2022.1/4,2022.1/4,2022.1/4,2022.1/4,2022.1/4,2022.1/4,2022.1/4,2022.1/4,2022.1/4,2022.1/4,2022.2/4,2022.2/4,2022.2/4,2022.2/4,2022.2/4,2022.2/4,2022.2/4,2022.2/4,2022.2/4,2022.2/4,2022.2/4,2022.2/4,2022.2/4,2022.2/4,2022.2/4,2022.2/4,2022.2/4,2022.3/4,2022.3/4,2022.3/4,2022.3/4,2022.3/4,2022.3/4,2022.3/4,2022.3/4,2022.3/4,2022.3/4,2022.3/4,2022.3/4,2022.3/4,2022.3/4,2022.3/4,2022.3/4,2022.3/4,2022.4/4,2022.4/4,2022.4/4,2022.4/4,2022.4/4,2022.4/4,2022.4/4,2022.4/4,2022.4/4,2022.4/4,2022.4/4,2022.4/4,2022.4/4,2022.4/4,2022.4/4,2022.4/4,2022.4/4,2023.1/4,2023.1/4,2023.1/4,2023.1/4,2023.1/4,2023.1/4,2023.1/4,2023.1/4,2023.1/4,2023.1/4,2023.1/4,2023.1/4,2023.1/4,2023.1/4,2023.1/4,2023.1/4,2023.1/4,2023.2/4,2023.2/4,2023.2/4,2023.2/4,2023.2/4,2023.2/4,2023.2/4,2023.2/4,2023.2/4,2023.2/4,2023.2/4,2023.2/4,2023.2/4,2023.2/4,2023.2/4,2023.2/4,2023.2/4,2023.3/4,2023.3/4,2023.3/4,2023.3/4,2023.3/4,2023.3/4,2023.3/4,2023.3/4,2023.3/4,2023.3/4,2023.3/4,2023.3/4,2023.3/4,2023.3/4,2023.3/4,2023.3/4,2023.3/4,2023.4/4,2023.4/4,2023.4/4,2023.4/4,2023.4/4,2023.4/4,2023.4/4,2023.4/4,2023.4/4,2023.4/4,2023.4/4,2023.4/4,2023.4/4,2023.4/4,2023.4/4,2023.4/4,2023.4/4,2024.1/4,2024.1/4,2024.1/4,2024.1/4,2024.1/4,2024.1/4,2024.1/4,2024.1/4,2024.1/4,2024.1/4,2024.1/4,2024.1/4,2024.1/4,2024.1/4,2024.1/4,2024.1/4,2024.1/4,2024.2/4,2024.2/4,2024.2/4,2024.2/4,2024.2/4,2024.2/4,2024.2/4,2024.2/4,2024.2/4,2024.2/4,2024.2/4,2024.2/4,2024.2/4,2024.2/4,2024.2/4,2024.2/4,2024.2/4,2024.3/4,2024.3/4,2024.3/4,2024.3/4,2024.3/4,2024.3/4,2024.3/4,2024.3/4,2024.3/4,2024.3/4,2024.3/4,2024.3/4,2024.3/4,2024.3/4,2024.3/4,2024.3/4,2024.3/4,2024.4/4,2024.4/4,2024.4/4,2024.4/4,2024.4/4,2024.4/4,2024.4/4,2024.4/4,2024.4/4,2024.4/4,2024.4/4,2024.4/4,2024.4/4,2024.4/4,2024.4/4,2024.4/4,2024.4/4
"시도별(1)",계,의료기관,의료기관,의료기관,의료기관,의료기관,의료기관,의료기관,의료기관,의료기관,의료기관,보건기관,보건기관,보건기관,보건기관,약국,계,의료기관,의료기관,의료기관,의료기관,의료기관,의료기관,의료기관,의료기관,의료기관,의료기관,보건기관,보건기관,보건기관,보건기관,약국,계,의료기관,의료기관,의료기관,의료기관,의료기관,의료기관,의료기관,의료기관,의료기관,의료기관,보건기관,보건기관,보건기관,보건기관,약국,계,의료기관,의료기관,의료기관,의료기관,의료기관,의료기관,의료기관,의료기관,의료기관,의료기관,보건기관,보건기관,보건기관,보건기관,약국,계,의료기관,의료기관,의료기관,의료기관,의료기관,의료기관,의료기관,의료기관,의료기관,의료기관,보건기관,보건기관,보건기관,보건기관,약국,계,의료기관,의료기관,의료기관,의료기관,의료기관,의료기관,의료기관,의료기관,의료기관,의료기관,보건기관,보건기관,보건기관,보건기관,약국,계,의료기관,의료기관,의료기관,의료기관,의료기관,의료기관,의료기관,의료기관,의료기관,의료기관,보건기관,보건기관,보건기관,보건기관,약국,계,의료기관,의료기관,의료기관,의료기관,의료기관,의료기관,의료기관,의료기관,의료기관,의료기관,보건기관,보건기관,보건기관,보건기관,약국,계,의료기관,의료기관,의료기관,의료기관,의료기관,의료기관,의료기관,의료기관,의료기관,의료기관,보건기관,보건기관,보건기관,보건기관,약국,계,의료기관,의료기관,의료기관,의료기관,의료기관,의료기관,의료기관,의료기관,의료기관,의료기관,보건기관,보건기관,보건기관,보건기관,약국,계,의료기관,의료기관,의료기관,의료기관,의료기관,의료기관,의료기관,의료기관,의료기관,의료기관,보건기관,보건기관,보건기관,보건기관,약국,계,의료기관,의료기관,의료기관,의료기관,의료기관,의료기관,의료기관,의료기관,의료기관,의료기관,보건기관,보건기관,보건기관,보건기관,약국,계,의료기관,의료기관,의료기관,의료기관,의료기관,의료기관,의료기관,의료기관,의료기관,의료기관,보건기관,보건기관,보건기관,보건기관,약국,계,의료기관,의료기관,의료기관,의료기관,의료기관,의료기관,의료기관,의료기관,의료기관,의료기관,보건기관,보건기관,보건기관,보건기관,약국,계,의료기관,의료기관,의료기관,의료기관,의료기관,의료기관,의료기관,의료기관,의료기관,의료기관,보건기관,보건기관,보건기관,보건기관,약국,계,의료기관,의료기관,의료기관,의료기관,의료기관,의료기관,의료기관,의료기관,의료기관,의료기관,보건기관,보건기관,보건기관,보건기관,약국,계,의료기관,의료기관,의료기관,의료기관,의료기관,의료기관,의료기관,의료기관,의료기관,의료기관,보건기관,보건기관,보건기관,보건기관,약국,계,의료기관,의료기관,의료기관,의료기관,의료기관,의료기관,의료기관,의료기관,의료기관,의료기관,보건기관,보건기관,보건기관,보건기관,약국,계,의료기관,의료기관,의료기관,의료기관,의료기관,의료기관,의료기관,의료기관,의료기관,의료기관,보건기관,보건기관,보건기관,보건기관,약국,계,의료기관,의료기관,의료기관,의료기관,의료기관,의료기관,의료기관,의료기관,의료기관,의료기관,보건기관,보건기관,보건기관,보건기관,약국,계,의료기관,의료기관,의료기관,의료기관,의료기관,의료기관,의료기관,의료기관,의료기관,의료기관,보건기관,보건기관,보건기관,보건기관,약국,계,의료기관,의료기관,의료기관,의료기관,의료기관,의료기관,의료기관,의료기관,의료기관,의료기관,보건기관,보건기관,보건기관,보건기관,약국,계,의료기관,의료기관,의료기관,의료기관,의료기관,의료기관,의료기관,의료기관,의료기관,의료기관,보건기관,보건기관,보건기관,보건기관,약국,계,의료기관,의료기관,의료기관,의료기관,의료기관,의료기관,의료기관,의료기관,의료기관,의료기관,보건기관,보건기관,보건기관,보건기관,약국,계,의료기관,의료기관,의료기관,의료기관,의료기관,의료기관,의료기관,의료기관,의료기관,의료기관,의료기관,보건기관,보건기관,보건기관,보건기관,약국,계,의료기관,의료기관,의료기관,의료기관,의료기관,의료기관,의료기관,의료기관,의료기관,의료기관,의료기관,보건기관,보건기관,보건기관,보건기관,약국,계,의료기관,의료기관,의료기관,의료기관,의료기관,의료기관,의료기관,의료기관,의료기관,의료기관,의료기관,보건기관,보건기관,보건기관,보건기관,약국,계,의료기관,의료기관,의료기관,의료기관,의료기관,의료기관,의료기관,의료기관,의료기관,의료기관,의료기관,보건기관,보건기관,보건기관,보건기관,약국,계,의료기관,의료기관,의료기관,의료기관,의료기관,의료기관,의료기관,의료기관,의료기관,의료기관,의료기관,보건기관,보건기관,보건기관,보건기관,약국,계,의료기관,의료기관,의료기관,의료기관,의료기관,의료기관,의료기관,의료기관,의료기관,의료기관,의료기관,보건기관,보건기관,보건기관,보건기관,약국,계,의료기관,의료기관,의료기관,의료기관,의료기관,의료기관,의료기관,의료기관,의료기관,의료기관,의료기관,보건기관,보건기관,보건기관,보건기관,약국,계,의료기관,의료기관,의료기관,의료기관,의료기관,의료기관,의료기관,의료기관,의료기관,의료기관,의료기관,보건기관,보건기관,보건기관,보건기관,약국,계,의료기관,의료기관,의료기관,의료기관,의료기관,의료기관,의료기관,의료기관,의료기관,의료기관,의료기관,보건기관,보건기관,보건기관,보건기관,약국,계,의료기관,의료기관,의료기관,의료기관,의료기관,의료기관,의료기관,의료기관,의료기관,의료기관,의료기관,보건기관,보건기관,보건기관,보건기관,약국,계,의료기관,의료기관,의료기관,의료기관,의료기관,의료기관,의료기관,의료기관,의료기관,의료기관,의료기관,보건기관,보건기관,보건기관,보건기관,약국,계,의료기관,의료기관,의료기관,의료기관,의료기관,의료기관,의료기관,의료기관,의료기관,의료기관,의료기관,보건기관,보건기관,보건기관,보건기관,약국,계,의료기관,의료기관,의료기관,의료기관,의료기관,의료기관,의료기관,의료기관,의료기관,의료기관,의료기관,보건기관,보건기관,보건기관,보건기관,약국,계,의료기관,의료기관,의료기관,의료기관,의료기관,의료기관,의료기관,의료기관,의료기관,의료기관,의료기관,보건기관,보건기관,보건기관,보건기관,약국,계,의료기관,의료기관,의료기관,의료기관,의료기관,의료기관,의료기관,의료기관,의료기관,의료기관,의료기관,보건기관,보건기관,보건기관,보건기관,약국,계,의료기관,의료기관,의료기관,의료기관,의료기관,의료기관,의료기관,의료기관,의료기관,의료기관,의료기관,보건기관,보건기관,보건기관,보건기관,약국
"시도별(1)",소계,상급종합병원,종합병원,병원,요양병원,의원,치과병원,치과의원,조산원,한방병원,한의원,보건의료원,보건소,보건지소,보건진료소,소계,소계,상급종합병원,종합병원,병원,요양병원,의원,치과병원,치과의원,조산원,한방병원,한의원,보건의료원,보건소,보건지소,보건진료소,소계,소계,상급종합병원,종합병원,병원,요양병원,의원,치과병원,치과의원,조산원,한방병원,한의원,보건의료원,보건소,보건지소,보건진료소,소계,소계,상급종합병원,종합병원,병원,요양병원,의원,치과병원,치과의원,조산원,한방병원,한의원,보건의료원,보건소,보건지소,보건진료소,소계,소계,상급종합병원,종합병원,병원,요양병원,의원,치과병원,치과의원,조산원,한방병원,한의원,보건의료원,보건소,보건지소,보건진료소,소계,소계,상급종합병원,종합병원,병원,요양병원,의원,치과병원,치과의원,조산원,한방병원,한의원,보건의료원,보건소,보건지소,보건진료소,소계,소계,상급종합병원,종합병원,병원,요양병원,의원,치과병원,치과의원,조산원,한방병원,한의원,보건의료원,보건소,보건지소,보건진료소,소계,소계,상급종합병원,종합병원,병원,요양병원,의원,치과병원,치과의원,조산원,한방병원,한의원,보건의료원,보건소,보건지소,보건진료소,소계,소계,상급종합병원,종합병원,병원,요양병원,의원,치과병원,치과의원,조산원,한방병원,한의원,보건의료원,보건소,보건지소,보건진료소,소계,소계,상급종합병원,종합병원,병원,요양병원,의원,치과병원,치과의원,조산원,한방병원,한의원,보건의료원,보건소,보건지소,보건진료소,소계,소계,상급종합병원,종합병원,병원,요양병원,의원,치과병원,치과의원,조산원,한방병원,한의원,보건의료원,보건소,보건지소,보건진료소,소계,소계,상급종합병원,종합병원,병원,요양병원,의원,치과병원,치과의원,조산원,한방병원,한의원,보건의료원,보건소,보건지소,보건진료소,소계,소계,상급종합병원,종합병원,병원,요양병원,의원,치과병원,치과의원,조산원,한방병원,한의원,보건의료원,보건소,보건지소,보건진료소,소계,소계,상급종합병원,종합병원,병원,요양병원,의원,치과병원,치과의원,조산원,한방병원,한의원,보건의료원,보건소,보건지소,보건진료소,소계,소계,상급종합병원,종합병원,병원,요양병원,의원,치과병원,치과의원,조산원,한방병원,한의원,보건의료원,보건소,보건지소,보건진료소,소계,소계,상급종합병원,종합병원,병원,요양병원,의원,치과병원,치과의원,조산원,한방병원,한의원,보건의료원,보건소,보건지소,보건진료소,소계,소계,상급종합병원,종합병원,병원,요양병원,의원,치과병원,치과의원,조산원,한방병원,한의원,보건의료원,보건소,보건지소,보건진료소,소계,소계,상급종합병원,종합병원,병원,요양병원,의원,치과병원,치과의원,조산원,한방병원,한의원,보건의료원,보건소,보건지소,보건진료소,소계,소계,상급종합병원,종합병원,병원,요양병원,의원,치과병원,치과의원,조산원,한방병원,한의원,보건의료원,보건소,보건지소,보건진료소,소계,소계,상급종합병원,종합병원,병원,요양병원,의원,치과병원,치과의원,조산원,한방병원,한의원,보건의료원,보건소,보건지소,보건진료소,소계,소계,상급종합병원,종합병원,병원,요양병원,의원,치과병원,치과의원,조산원,한방병원,한의원,보건의료원,보건소,보건지소,보건진료소,소계,소계,상급종합병원,종합병원,병원,요양병원,의원,치과병원,치과의원,조산원,한방병원,한의원,보건의료원,보건소,보건지소,보건진료소,소계,소계,상급종합병원,종합병원,병원,요양병원,의원,치과병원,치과의원,조산원,한방병원,한의원,보건의료원,보건소,보건지소,보건진료소,소계,소계,상급종합병원,종합병원,병원,요양병원,의원,치과병원,치과의원,조산원,한방병원,한의원,보건의료원,보건소,보건지소,보건진료소,소계,소계,상급종합병원,종합병원,병원,요양병원,정신병원,의원,치과병원,치과의원,조산원,한방병원,한의원,보건의료원,보건소,보건지소,보건진료소,소계,소계,상급종합병원,종합병원,병원,요양병원,정신병원,의원,치과병원,치과의원,조산원,한방병원,한의원,보건의료원,보건소,보건지소,보건진료소,소계,소계,상급종합병원,종합병원,병원,요양병원,정신병원,의원,치과병원,치과의원,조산원,한방병원,한의원,보건의료원,보건소,보건지소,보건진료소,소계,소계,상급종합병원,종합병원,병원,요양병원,정신병원,의원,치과병원,치과의원,조산원,한방병원,한의원,보건의료원,보건소,보건지소,보건진료소,소계,소계,상급종합병원,종합병원,병원,요양병원,정신병원,의원,치과병원,치과의원,조산원,한방병원,한의원,보건의료원,보건소,보건지소,보건진료소,소계,소계,상급종합병원,종합병원,병원,요양병원,정신병원,의원,치과병원,치과의원,조산원,한방병원,한의원,보건의료원,보건소,보건지소,보건진료소,소계,소계,상급종합병원,종합병원,병원,요양병원,정신병원,의원,치과병원,치과의원,조산원,한방병원,한의원,보건의료원,보건소,보건지소,보건진료소,소계,소계,상급종합병원,종합병원,병원,요양병원,정신병원,의원,치과병원,치과의원,조산원,한방병원,한의원,보건의료원,보건소,보건지소,보건진료소,소계,소계,상급종합병원,종합병원,병원,요양병원,정신병원,의원,치과병원,치과의원,조산원,한방병원,한의원,보건의료원,보건소,보건지소,보건진료소,소계,소계,상급종합병원,종합병원,병원,요양병원,정신병원,의원,치과병원,치과의원,조산원,한방병원,한의원,보건의료원,보건소,보건지소,보건진료소,소계,소계,상급종합병원,종합병원,병원,요양병원,정신병원,의원,치과병원,치과의원,조산원,한방병원,한의원,보건의료원,보건소,보건지소,보건진료소,소계,소계,상급종합병원,종합병원,병원,요양병원,정신병원,의원,치과병원,치과의원,조산원,한방병원,한의원,보건의료원,보건소,보건지소,보건진료소,소계,소계,상급종합병원,종합병원,병원,요양병원,정신병원,의원,치과병원,치과의원,조산원,한방병원,한의원,보건의료원,보건소,보건지소,보건진료소,소계,소계,상급종합병원,종합병원,병원,요양병원,정신병원,의원,치과병원,치과의원,조산원,한방병원,한의원,보건의료원,보건소,보건지소,보건진료소,소계,소계,상급종합병원,종합병원,병원,요양병원,정신병원,의원,치과병원,치과의원,조산원,한방병원,한의원,보건의료원,보건소,보건지소,보건진료소,소계,소계,상급종합병원,종합병원,병원,요양병원,정신병원,의원,치과병원,치과의원,조산원,한방병원,한의원,보건의료원,보건소,보건지소,보건진료소,소계
"계",87071,43,292,1494,1339,29037,206,16294,35,243,13465,15,244,1314,1908,21142,87624,43,292,1497,1346,29238,210,16435,35,252,13556,15,244,1313,1911,21237,88123,43,292,1500,1347,29443,216,16525,35,258,13615,15,244,1314,1911,21365,88163,43,294,1496,1372,29488,213,16609,31,260,13613,15,243,1313,1906,21267,88500,43,295,1502,1383,29694,216,16687,30,263,13649,15,242,1315,1905,21261,89130,43,296,1507,1402,29928,217,16834,30,274,13758,15,242,1315,1905,21364,89614,43,298,1519,1416,30144,222,16916,29,285,13839,15,241,1315,1904,21428,89919,43,298,1514,1428,30292,223,17023,28,282,13868,15,241,1316,1905,21443,90360,43,301,1457,1502,30482,226,17097,27,296,13915,15,241,1317,1903,21538,90945,43,301,1462,1516,30689,230,17233,26,306,14036,15,241,1318,1903,21626,91264,43,301,1462,1519,30806,229,17309,26,301,14075,15,241,1316,1903,21718,91545,43,301,1466,1529,30938,231,17376,26,312,14111,15,241,1315,1904,21737,92044,42,302,1471,1535,31177,232,17464,26,307,14154,15,241,1316,1906,21856,92431,42,304,1459,1544,31355,231,17550,24,308,14240,15,241,1317,1905,21896,92896,42,307,1462,1549,31564,231,17620,22,303,14296,15,241,1317,1905,22022,93184,42,311,1465,1560,31718,237,17668,21,307,14295,15,241,1317,1905,22082,93684,42,312,1470,1565,31957,241,17754,21,309,14322,15,241,1316,1905,22214,94182,42,312,1479,1571,32169,238,17850,20,319,14392,15,241,1317,1905,22312,94650,42,313,1487,1587,32383,239,17923,20,337,14423,15,241,1317,1905,22418,94865,42,314,1489,1577,32491,239,17963,19,352,14408,15,241,1317,1905,22493,95557,42,315,1495,1584,32665,238,18051,19,357,14414,15,241,1317,1902,22902,96033,42,320,1509,1584,32841,237,18127,19,382,14435,15,241,1317,1901,23063,96476,42,320,1518,1585,33008,236,18203,18,401,14441,15,241,1318,1902,23228,96742,42,319,1515,1582,33115,235,18261,18,410,14464,15,241,1317,1903,23305,97238,45,317,1453,1461,166,33354,232,18338,18,430,14485,15,243,1315,1904,23462,97763,45,319,1409,1466,226,33531,236,18459,18,440,14552,15,243,1315,1903,23586,98225,45,318,1404,1467,239,33777,238,18508,17,460,14588,15,243,1314,1903,23689,98479,45,319,1397,1464,250,33912,234,18589,16,479,14526,15,243,1314,1903,23773,99028,45,325,1390,1467,249,34216,235,18664,16,488,14528,15,243,1314,1905,23928,99645,45,327,1393,1461,252,34541,235,18738,15,513,14558,15,243,1315,1905,24089,100170,45,327,1400,1447,252,34815,236,18804,15,528,14593,15,243,1317,1904,24229,100396,45,328,1398,1435,257,34958,236,18851,14,546,14549,15,244,1316,1902,24302,100827,45,329,1405,1425,259,35225,236,18897,15,549,14556,15,246,1315,1901,24409,101197,45,331,1409,1413,256,35393,237,18968,15,555,14577,15,246,1315,1900,24522,101512,45,332,1411,1404,257,35580,237,18997,15,555,14591,15,246,1315,1900,24612,101762,45,331,1403,1392,257,35717,239,19032,15,559,14592,15,246,1313,1899,24707,102197,47,329,1407,1382,260,35951,240,19092,15,563,14617,15,246,1312,1898,24823,102634,47,331,1408,1373,259,36226,241,19130,15,572,14664,16,245,1312,1898,24897,103100,47,331,1410,1359,262,36478,241,19164,15,578,14718,16,245,1311,1895,25030,103308,47,331,1412,1342,263,36685,241,19142,16,581,14736,16,245,1309,1895,25047
"서울특별시",21303,14,42,217,106,7676,70,4648,5,34,3516,0,25,4,0,4946,21446,14,42,217,105,7740,70,4672,5,36,3540,0,25,4,0,4976,21529,14,42,220,104,7799,70,4682,5,37,3539,0,25,4,0,4988,21507,14,42,218,103,7802,68,4693,5,39,3543,0,25,4,0,4951,21546,14,42,219,104,7859,67,4702,5,41,3539,0,25,4,0,4925,21660,14,42,217,106,7927,67,4726,5,41,3549,0,25,4,0,4937,21740,14,42,221,109,7963,69,4727,4,40,3586,0,25,4,0,4936,21786,14,42,222,110,8004,69,4751,4,38,3581,0,25,4,0,4922,21821,14,43,221,113,8023,69,4750,4,43,3579,0,25,4,0,4933,21958,14,43,219,116,8086,68,4788,4,44,3601,0,25,4,0,4946,21998,14,43,220,115,8112,66,4790,4,42,3604,0,25,4,0,4959,22043,14,43,221,115,8155,65,4797,4,44,3602,0,25,4,0,4954,22135,13,44,223,116,8215,65,4807,4,44,3609,0,25,6,0,4964,22196,13,44,223,113,8270,65,4801,4,45,3620,0,25,6,0,4967,22280,13,44,223,117,8317,64,4809,2,44,3623,0,25,8,0,4991,22345,13,45,223,119,8372,65,4807,3,42,3614,0,25,8,0,5009,22461,13,45,222,120,8427,67,4818,3,44,3617,0,25,8,0,5052,22586,13,44,225,119,8512,65,4822,2,47,3628,0,25,8,0,5076,22683,13,44,227,122,8572,65,4840,2,51,3635,0,25,8,0,5079,22739,13,44,228,124,8628,65,4836,3,53,3617,0,25,8,0,5095,22930,13,44,230,125,8706,65,4851,3,54,3625,0,25,8,0,5181,23025,13,44,230,126,8775,64,4858,3,56,3623,0,25,8,0,5200,23132,13,44,231,126,8836,63,4873,3,58,3625,0,25,8,0,5227,23207,13,43,230,127,8884,62,4879,3,60,3616,0,25,8,0,5257,23339,14,42,226,123,7,8965,60,4887,3,63,3617,0,25,8,0,5299,23456,14,42,223,124,12,9027,60,4900,3,66,3629,0,25,8,0,5323,23595,14,42,223,124,12,9135,61,4897,3,70,3641,0,25,8,0,5340,23661,14,42,222,124,12,9189,60,4902,3,73,3621,0,25,8,0,5366,23781,14,42,223,125,12,9264,60,4906,3,76,3621,0,25,8,0,5402,23910,14,42,225,126,13,9359,60,4903,2,83,3618,0,25,8,0,5432,24024,14,42,225,123,12,9434,60,4901,3,85,3633,0,25,10,0,5457,24069,14,42,227,122,12,9467,60,4904,3,88,3618,0,25,10,0,5477,24145,14,42,230,122,12,9539,60,4891,3,87,3629,0,25,10,0,5481,24211,14,43,233,117,12,9581,60,4894,3,86,3628,0,25,10,0,5505,24300,14,43,233,113,12,9669,60,4876,3,85,3625,0,25,10,0,5532,24364,14,42,230,110,12,9715,60,4879,3,85,3628,0,25,10,0,5551,24503,14,43,227,110,12,9803,60,4899,3,87,3624,0,25,10,0,5586,24658,14,44,227,112,12,9908,58,4895,3,88,3640,0,25,10,0,5622,24796,14,44,226,109,12,10010,58,4892,3,89,3651,0,25,10,0,5653,24887,14,44,225,107,13,10103,56,4882,3,89,3654,0,25,11,0,5661
"부산광역시",6354,4,23,134,184,2161,16,1198,4,9,1094,0,16,11,5,1495,6381,4,23,137,184,2175,17,1202,4,9,1097,0,16,11,5,1497,6397,4,24,137,179,2184,19,1201,4,9,1094,0,16,11,5,1510,6416,4,24,130,190,2198,19,1206,4,9,1098,0,16,11,5,1502,6425,4,24,131,193,2204,20,1212,3,9,1098,0,16,11,5,1495,6457,4,24,134,194,2215,20,1222,3,9,1107,0,16,11,5,1493,6479,4,25,136,197,2221,21,1227,3,9,1108,0,16,11,5,1496,6487,4,25,139,197,2227,21,1233,3,10,1106,0,16,11,5,1490,6507,4,25,135,199,2247,22,1235,2,10,1106,0,16,11,5,1490,6548,4,25,137,199,2265,22,1237,2,10,1117,0,16,11,5,1498,6573,4,25,138,199,2278,22,1252,2,10,1112,0,16,11,5,1499,6572,4,25,138,197,2279,22,1256,2,9,1113,0,16,11,5,1495,6620,4,25,139,197,2304,23,1259,2,9,1122,0,16,11,5,1504,6647,4,25,139,193,2319,23,1266,2,9,1132,0,16,11,5,1503,6664,4,25,138,188,2330,23,1265,2,9,1133,0,16,11,5,1515,6679,4,25,137,187,2342,24,1265,2,9,1135,0,16,11,5,1517,6716,4,25,139,188,2363,25,1263,2,9,1129,0,16,11,5,1537,6741,4,25,140,189,2373,25,1269,2,9,1137,0,16,11,5,1536,6758,4,25,140,189,2392,25,1272,2,9,1138,0,16,11,5,1530,6752,4,25,142,190,2384,24,1273,2,10,1136,0,16,11,5,1530,6793,4,25,144,188,2405,24,1280,2,10,1139,0,16,11,5,1540,6827,4,25,144,187,2407,24,1284,2,12,1146,0,16,11,5,1560,6846,4,25,147,187,2402,23,1290,1,12,1146,0,16,11,5,1577,6868,4,25,145,187,2419,23,1292,1,13,1146,0,16,11,5,1581,6906,3,26,137,169,24,2438,23,1303,1,15,1143,0,16,11,5,1592,6934,3,26,137,169,24,2448,24,1307,1,15,1149,0,16,11,5,1599,6959,3,25,139,169,24,2454,24,1308,1,17,1147,0,16,11,5,1616,6967,3,25,136,169,24,2468,24,1306,1,18,1141,0,16,11,5,1620,7010,3,25,135,169,23,2493,24,1313,1,18,1143,0,16,11,5,1631,7077,3,25,136,166,23,2526,24,1323,1,21,1152,0,16,11,5,1645,7125,3,25,140,164,23,2547,24,1328,1,22,1154,0,16,11,5,1662,7141,3,25,139,163,23,2562,25,1327,1,26,1145,0,16,11,5,1670,7169,3,25,143,163,23,2574,24,1334,1,26,1141,0,16,11,5,1680,7173,3,25,144,161,23,2576,24,1338,1,26,1145,0,16,11,5,1675,7183,3,25,144,161,23,2588,24,1334,1,26,1137,0,16,11,5,1685,7209,3,26,142,162,23,2597,25,1335,1,27,1140,0,16,11,5,1696,7227,4,25,142,162,23,2614,25,1334,1,27,1139,0,16,11,5,1699,7244,4,25,143,162,23,2622,25,1338,1,26,1142,0,16,11,5,1701,7271,4,25,144,161,23,2638,25,1338,1,26,1149,0,16,11,5,1705,7274,4,25,143,160,23,2652,25,1331,1,25,1150,0,16,11,5,1703
"대구광역시",4642,4,8,111,62,1599,15,807,2,2,833,0,8,9,9,1173,4674,4,8,111,63,1602,17,818,2,2,836,0,8,9,9,1185,4704,4,8,113,61,1610,17,823,2,3,842,0,8,9,8,1196,4706,4,8,114,61,1615,17,826,2,2,842,0,8,9,8,1190,4737,4,8,114,61,1635,17,834,2,2,845,0,8,9,8,1190,4783,4,8,110,61,1656,18,843,2,2,857,0,8,9,8,1197,4815,4,8,111,61,1670,18,850,2,3,859,0,8,9,8,1204,4825,4,8,113,62,1674,18,850,1,2,858,0,8,9,8,1210,4862,4,8,113,65,1694,18,858,1,2,860,0,8,9,8,1214,4890,4,8,113,65,1700,18,867,0,2,865,0,8,9,8,1223,4889,4,8,112,63,1703,18,869,0,2,861,0,8,9,8,1224,4906,4,8,112,62,1712,18,868,0,2,869,0,8,9,8,1226,4941,5,7,112,63,1725,17,873,0,2,871,0,8,9,8,1241,4966,5,7,110,64,1740,16,878,0,2,870,0,8,9,8,1249,4991,5,9,109,65,1754,15,880,0,2,871,0,8,9,8,1256,5001,5,10,108,64,1760,17,882,0,2,869,0,8,9,8,1259,5022,5,11,109,64,1775,17,880,0,2,872,0,8,9,8,1262,5043,5,11,109,64,1785,16,880,0,2,876,0,8,9,8,1270,5066,5,11,108,67,1799,16,881,0,3,877,0,8,9,8,1274,5083,5,11,109,69,1803,16,883,0,3,878,0,8,9,8,1281,5107,5,12,109,69,1809,16,884,0,3,875,0,8,9,8,1300,5128,5,12,109,72,1821,16,886,0,3,876,0,8,9,8,1303,5148,5,12,109,71,1829,16,886,0,6,872,0,8,9,8,1317,5154,5,12,109,71,1834,16,886,0,7,874,0,8,8,8,1316,5170,5,12,98,72,8,1845,15,887,0,9,878,0,8,8,8,1317,5213,5,12,91,74,16,1863,15,892,0,10,890,0,8,8,8,1321,5246,5,12,90,75,16,1880,15,900,0,10,897,0,8,8,8,1322,5237,5,13,88,74,16,1884,15,903,0,10,882,0,8,8,8,1323,5270,5,13,89,75,16,1903,15,906,0,10,888,0,8,8,8,1326,5282,5,13,89,76,16,1908,15,909,0,10,887,0,8,8,8,1330,5299,5,13,90,75,16,1917,15,910,0,14,887,0,8,8,8,1333,5314,5,13,91,76,16,1924,14,914,0,15,888,0,8,8,8,1334,5332,5,14,89,75,17,1941,14,916,0,15,886,0,8,8,8,1336,5366,5,14,91,73,16,1951,13,923,0,18,888,0,8,8,8,1350,5442,5,14,92,72,16,1971,13,932,0,18,898,0,9,15,18,1369,5461,5,14,91,71,16,1980,13,937,0,18,898,0,9,15,18,1376,5494,5,14,92,72,16,1999,13,941,0,17,900,0,9,15,18,1383,5506,5,14,92,72,16,2008,13,941,0,18,901,0,9,15,18,1384,5536,5,14,90,72,16,2026,13,945,0,18,904,0,9,15,18,1391,5555,5,14,92,71,16,2035,13,946,0,20,909,0,9,15,18,1392
"인천광역시",4048,3,16,54,59,1419,4,807,2,14,604,0,10,28,26,1002,4080,3,16,53,61,1430,4,814,2,14,608,0,10,28,27,1010,4113,3,16,52,63,1439,4,821,2,16,610,0,10,28,27,1022,4123,3,16,55,64,1444,4,830,2,14,607,0,10,27,27,1020,4145,3,16,57,64,1444,5,838,2,17,613,0,10,27,27,1022,4169,3,15,58,66,1457,5,844,2,17,616,0,10,27,27,1022,4193,3,15,59,66,1464,5,847,2,18,623,0,10,27,27,1027,4224,3,15,58,68,1477,5,855,2,18,624,0,10,27,27,1035,4245,3,16,59,71,1476,5,859,3,18,630,0,10,27,27,1041,4288,3,16,59,72,1492,5,864,3,19,639,0,10,27,27,1052,4310,3,16,59,71,1500,5,869,3,19,640,0,10,27,27,1061,4324,3,16,60,72,1496,6,881,3,22,636,0,10,27,27,1065,4346,3,16,60,72,1506,6,890,3,22,641,0,10,27,27,1063,4366,3,16,58,71,1511,7,897,3,26,645,0,10,28,26,1065,4395,3,16,61,71,1521,7,902,2,26,648,0,10,27,26,1075,4404,3,16,62,72,1529,9,900,2,26,649,0,10,27,26,1073,4408,3,16,61,72,1540,9,897,2,26,648,0,10,27,26,1071,4446,3,16,62,73,1553,9,904,2,28,653,0,10,27,26,1080,4474,3,16,62,72,1564,9,906,2,32,652,0,10,27,26,1093,4497,3,16,62,71,1573,9,911,1,33,658,0,10,27,26,1097,4508,3,16,64,70,1573,9,913,1,32,657,0,10,27,26,1107,4536,3,16,65,70,1580,9,924,1,32,656,0,10,27,26,1117,4556,3,16,65,71,1588,9,924,1,32,657,0,10,27,26,1127,4579,3,16,68,70,1591,9,933,1,35,660,0,10,27,26,1130,4611,3,17,66,67,5,1606,9,937,1,36,662,0,10,27,26,1139,4637,3,17,63,67,9,1614,9,943,1,39,663,0,10,27,26,1146,4666,3,17,56,67,11,1625,9,951,1,42,671,0,10,27,26,1150,4683,3,17,56,67,16,1633,9,956,1,43,664,0,10,27,26,1155,4734,3,17,55,68,16,1664,9,965,1,45,663,0,10,27,26,1165,4793,3,17,59,68,16,1692,9,968,1,49,668,0,10,27,26,1180,4841,3,17,59,67,16,1716,10,976,1,50,666,0,10,27,26,1197,4863,3,18,59,66,17,1725,10,981,0,49,669,0,10,27,26,1203,4884,3,18,59,63,17,1735,11,983,1,48,672,0,10,27,26,1211,4921,3,18,59,62,17,1751,11,987,1,47,679,0,10,27,25,1224,4949,3,18,60,63,18,1772,11,987,1,45,680,0,10,27,25,1229,4971,3,18,57,62,18,1772,11,991,1,48,682,0,10,27,25,1246,4993,3,18,57,64,17,1781,12,993,1,48,682,0,10,27,25,1255,5044,3,18,58,63,17,1809,13,998,1,48,688,0,10,27,25,1266,5076,3,18,59,63,17,1822,13,1004,1,48,688,0,10,27,25,1278,5099,3,18,59,62,17,1831,13,1006,1,48,692,0,10,27,25,1287
"광주광역시",2661,2,20,74,41,891,11,567,1,77,308,0,5,1,10,653,2682,2,20,73,44,896,11,572,1,80,311,0,5,1,10,656,2700,2,20,74,45,904,11,577,1,80,311,0,5,1,10,659,2678,2,20,75,49,893,11,577,0,84,304,0,5,1,10,647,2680,2,20,77,51,891,12,575,0,82,308,0,5,1,10,646,2717,2,20,78,53,901,12,579,0,88,313,0,5,1,10,655,2725,2,20,78,51,907,12,580,0,93,315,0,5,1,10,651,2720,2,20,75,55,904,12,586,0,91,313,0,5,1,10,646,2753,2,20,73,58,916,12,590,0,98,316,0,5,1,10,652,2760,2,20,73,58,912,12,593,0,104,317,0,5,1,10,653,2766,2,20,74,59,915,12,598,0,98,320,0,5,1,10,652,2771,2,20,74,61,915,12,600,0,99,318,0,5,1,10,654,2787,2,20,75,62,929,13,600,0,94,317,0,5,1,10,659,2788,2,20,74,63,931,12,605,0,89,319,0,5,1,10,657,2809,2,20,76,62,936,13,612,0,84,320,0,5,1,10,668,2809,2,20,78,64,933,13,614,0,87,318,0,5,1,10,664,2827,2,20,79,64,938,13,615,0,85,319,0,5,1,10,676,2845,2,21,78,65,949,13,621,0,84,321,0,5,1,10,675,2854,2,21,79,64,954,14,623,0,85,321,0,5,1,10,675,2852,2,21,80,66,948,14,625,0,85,323,0,5,1,10,672,2862,2,21,82,65,948,14,624,0,85,325,0,5,1,10,680,2883,2,22,82,65,960,14,631,0,84,320,0,5,1,10,687,2890,2,22,85,65,959,15,631,0,86,316,0,5,1,10,693,2888,2,22,85,64,958,15,629,0,84,318,0,5,1,10,695,2905,2,22,82,60,7,968,15,630,0,87,316,0,5,1,10,700,2912,2,22,83,59,7,972,15,630,0,86,319,0,5,1,10,701,2921,2,22,84,58,7,973,15,634,0,86,316,0,5,1,10,708,2911,2,21,84,59,7,970,15,635,0,88,313,0,5,1,10,701,2939,2,22,86,60,7,988,15,633,0,88,311,0,5,1,10,711,2963,2,22,85,60,8,1001,15,639,0,86,313,0,5,1,10,716,2982,2,22,85,60,8,1014,15,641,0,83,314,0,5,1,10,722,2996,2,22,83,61,9,1021,15,643,0,85,316,0,5,1,10,723,3018,2,23,82,61,9,1036,14,642,0,85,319,0,5,1,10,729,3018,2,23,81,62,9,1038,14,644,0,86,318,0,5,2,10,724,3017,2,23,80,62,9,1041,14,639,0,87,319,0,5,2,10,724,3023,2,22,77,63,9,1050,14,641,0,88,316,0,5,2,10,724,3031,2,23,80,63,9,1054,14,645,0,88,316,0,5,2,10,720,3042,2,23,80,63,9,1063,14,645,0,89,317,0,5,2,10,720,3051,2,23,82,60,9,1067,13,645,0,88,319,0,5,2,10,726,3046,2,23,80,60,9,1066,12,644,0,86,318,0,5,2,10,729
"대전광역시",2831,1,9,40,51,1014,5,503,1,5,498,0,5,8,8,683,2842,1,9,40,51,1013,5,509,1,5,498,0,5,7,8,690,2848,1,9,38,52,1018,5,510,1,5,498,0,5,7,8,691,2868,1,9,38,52,1026,5,509,1,5,502,0,5,7,8,700,2872,1,9,37,53,1031,5,511,1,5,502,0,5,7,8,697,2891,1,9,40,53,1035,6,510,1,5,508,0,5,7,8,703,2901,1,9,41,52,1043,6,512,1,5,506,0,5,7,8,705,2915,1,9,40,52,1045,6,515,1,5,511,0,5,7,8,710,2926,1,9,40,51,1053,6,517,1,5,510,0,5,7,8,713,2934,1,9,41,52,1053,6,517,1,6,514,0,5,7,8,714,2938,1,9,43,52,1051,6,515,1,7,512,0,5,7,8,721,2941,1,9,45,52,1057,6,513,1,7,510,0,5,7,8,720,2946,1,9,48,51,1056,6,511,1,7,513,0,5,7,8,723,2951,1,9,48,51,1053,6,521,1,6,510,0,5,7,8,725,2965,1,9,49,51,1060,6,524,1,6,511,0,5,6,8,728,2975,1,9,49,51,1068,6,523,1,6,512,0,5,6,8,730,2993,1,9,49,52,1078,6,527,1,6,516,0,5,6,8,729,2989,1,9,50,52,1077,6,527,1,6,511,0,5,6,8,730,2989,1,9,51,52,1077,6,530,1,7,507,0,5,6,8,729,2984,1,9,51,50,1078,6,530,1,7,505,0,5,6,8,727,3028,1,9,50,51,1091,6,532,1,8,503,0,5,6,8,757,3033,1,9,50,51,1087,6,536,1,10,505,0,5,6,8,758,3048,1,9,50,51,1093,6,539,1,11,505,0,5,6,8,763,3043,1,9,50,51,1090,6,539,1,12,504,0,5,6,8,761,3055,1,9,50,49,2,1098,6,541,1,12,507,0,5,6,8,760,3063,1,9,49,49,4,1102,6,541,1,12,507,0,5,6,8,763,3068,1,9,47,49,6,1103,6,541,1,13,508,0,5,6,8,765,3078,1,9,46,48,7,1112,6,547,1,14,505,0,5,6,8,763,3093,1,9,47,47,7,1122,6,543,1,15,512,0,5,6,8,764,3096,1,9,47,47,7,1125,6,543,1,15,512,0,5,6,8,764,3106,1,9,47,47,7,1125,6,545,1,15,514,0,5,6,8,770,3094,1,9,46,47,7,1123,6,549,1,15,508,0,5,6,8,763,3097,1,9,47,47,7,1125,6,550,1,16,504,0,5,6,8,765,3099,1,9,46,47,7,1124,7,551,1,17,504,0,5,6,8,766,3089,1,9,46,47,7,1114,7,551,1,17,499,0,5,6,8,771,3086,1,9,46,47,7,1111,7,552,1,17,498,0,5,6,8,771,3089,2,8,47,46,7,1119,7,553,1,17,498,0,5,6,7,766,3116,2,8,47,46,7,1130,7,558,1,16,502,0,5,6,7,774,3118,2,8,48,45,7,1136,7,555,1,15,499,0,5,6,7,777,3125,2,8,48,45,7,1139,7,555,1,16,506,0,5,6,7,773
"울산광역시",1704,1,5,39,42,560,4,358,0,3,282,0,5,8,11,386,1720,1,6,38,44,565,4,360,0,3,285,0,5,8,11,390,1737,1,6,38,43,576,4,361,0,3,287,0,5,8,11,394,1744,1,6,40,43,574,4,361,0,3,289,0,5,8,11,399,1755,1,6,41,41,582,3,366,0,3,290,0,5,8,11,398,1771,1,6,41,45,585,3,371,0,3,292,0,5,8,11,400,1776,1,6,41,45,588,3,371,0,3,291,0,5,8,11,403,1778,1,6,40,46,594,3,370,0,3,286,0,5,8,11,405,1781,1,7,42,45,591,3,373,0,3,288,0,5,8,11,404,1777,1,7,43,45,592,3,374,0,3,286,0,5,8,11,399,1778,1,7,43,43,593,3,376,0,3,285,0,5,8,11,400,1780,1,7,42,43,592,3,379,0,3,284,0,5,8,11,402,1788,0,8,41,42,595,3,382,0,3,285,0,5,8,11,405,1787,0,8,41,43,599,3,379,0,3,284,0,5,8,11,403,1791,0,8,41,42,604,3,379,0,2,284,0,5,8,11,404,1791,0,8,41,42,604,3,381,0,2,283,0,5,8,11,403,1797,0,8,41,42,610,3,381,0,2,281,0,5,8,11,405,1791,0,8,43,42,607,3,380,0,2,275,0,5,8,11,407,1796,0,8,43,42,606,3,382,0,3,277,0,5,8,11,408,1801,0,8,43,42,609,4,383,0,3,275,0,5,8,11,410,1811,0,8,42,42,610,4,386,0,3,276,0,5,8,11,416,1817,0,9,41,43,610,4,387,0,3,278,0,5,8,11,418,1820,0,9,40,42,612,4,387,0,4,278,0,5,8,11,420,1825,0,9,38,41,614,4,389,0,5,278,0,5,8,11,423,1824,1,8,36,41,3,610,4,389,0,5,280,0,5,8,11,423,1827,1,8,33,41,6,612,4,388,0,5,281,0,5,8,11,424,1828,1,8,33,41,7,614,4,388,0,5,280,0,5,8,11,423,1832,1,8,33,41,7,618,4,388,0,5,276,0,5,8,11,427,1834,1,8,33,40,7,621,4,388,0,5,278,0,5,8,11,425,1839,1,8,33,40,7,621,4,388,0,5,279,0,5,8,11,429,1843,1,8,32,40,7,624,4,388,0,5,280,0,5,8,11,430,1847,1,8,33,39,7,624,4,388,0,5,282,0,5,8,11,432,1847,1,8,34,39,7,627,4,387,0,5,278,0,5,8,11,433,1857,1,8,34,39,6,633,4,387,0,5,278,0,5,8,11,438,1860,1,8,34,39,6,633,4,389,0,6,276,0,5,8,11,440,1865,1,8,34,38,6,637,4,389,0,7,275,0,5,8,11,442,1866,1,8,34,36,6,640,4,389,0,7,275,0,5,8,11,442,1865,1,8,32,37,6,645,4,386,0,7,273,0,5,8,11,442,1865,1,8,32,37,6,643,4,386,0,7,275,0,5,8,11,442,1859,1,8,31,36,6,643,4,384,0,7,273,0,5,8,11,442
"세종특별자치시",249,0,0,1,7,76,0,41,0,0,33,0,1,11,6,73,268,0,0,1,7,87,0,43,0,0,35,0,1,11,6,77,287,0,0,1,7,98,0,47,0,0,35,0,1,11,7,80,299,0,0,1,7,100,0,51,0,0,40,0,1,11,7,81,314,0,0,1,7,107,0,54,0,0,42,0,1,11,7,84,330,0,0,1,7,110,0,58,0,0,47,0,1,11,7,88,338,0,0,1,7,113,0,59,0,0,51,0,1,11,7,88,345,0,0,1,7,116,0,60,0,0,53,0,1,11,7,89,363,0,0,1,7,125,0,63,0,0,54,0,1,11,7,94,381,0,0,1,7,134,0,65,0,0,57,0,1,11,7,98,411,0,0,1,7,145,1,72,0,0,63,0,1,10,7,104,415,0,0,1,7,147,1,72,0,0,65,0,1,10,7,104,444,0,0,1,7,160,1,76,0,0,69,0,1,10,7,112,453,0,0,1,7,164,1,76,0,0,73,0,1,10,7,113,463,0,0,0,7,170,1,79,0,0,72,0,1,10,7,116,465,0,0,0,6,171,1,80,0,1,73,0,1,10,7,115,477,0,0,1,6,179,1,80,0,1,75,0,1,10,7,116,484,0,0,2,6,182,1,82,0,1,75,0,1,10,7,117,489,0,1,1,6,183,1,83,0,1,75,0,1,10,7,120,491,0,1,0,6,181,1,85,0,1,76,0,1,10,7,122,510,0,1,1,6,185,1,87,0,2,80,0,1,10,7,129,524,0,2,1,6,190,1,89,0,3,83,0,1,10,7,131,533,0,2,2,6,189,1,88,0,3,81,0,1,10,7,143,539,0,2,2,6,190,1,91,0,4,82,0,1,10,7,143,551,0,2,1,5,1,195,1,92,0,4,83,0,1,10,7,149,550,0,2,1,5,1,195,1,92,0,3,84,0,1,10,7,148,551,0,2,1,5,1,197,1,91,0,3,83,0,1,10,7,149,558,0,2,1,5,1,198,1,96,0,3,82,0,1,10,7,151,567,0,2,1,5,1,203,1,97,0,3,84,0,1,10,7,152,577,0,2,1,5,1,209,1,98,0,3,86,0,1,10,7,153,580,0,2,1,5,1,211,1,98,0,3,87,0,1,10,7,153,590,0,2,1,4,1,216,1,98,0,4,88,0,1,10,7,157,600,0,2,1,4,1,225,1,98,0,4,89,0,1,10,7,157,606,0,2,1,4,1,227,1,98,0,4,91,0,1,10,7,159,610,0,2,3,4,1,229,1,98,0,3,94,0,1,10,7,157,619,0,2,3,4,1,229,1,99,0,4,97,0,1,10,7,161,620,0,2,3,3,1,230,1,99,0,4,96,0,1,10,7,163,622,0,2,3,3,1,230,1,99,0,4,98,0,1,10,7,163,626,0,2,3,3,1,231,1,99,0,3,101,0,1,10,7,164,622,0,2,3,3,1,229,1,99,0,4,99,0,1,10,7,163
"경기도",17943,5,52,290,281,6082,33,3625,12,35,2715,1,45,125,161,4481,18061,5,52,292,283,6126,33,3662,12,36,2746,1,45,125,161,4482,18203,5,52,291,280,6164,34,3696,12,39,2774,1,45,125,161,4524,18184,5,53,288,279,6159,34,3716,10,39,2784,1,45,125,161,4485,18272,5,53,286,278,6210,34,3738,10,38,2792,1,45,125,161,4496,18452,5,55,284,279,6266,33,3794,10,43,2819,1,45,125,161,4532,18633,5,55,289,285,6345,34,3827,10,46,2845,1,44,125,160,4562,18772,5,56,288,283,6399,34,3860,9,44,2876,1,44,125,160,4588,18918,5,55,271,307,6460,34,3889,8,45,2894,1,45,124,160,4620,19083,5,55,268,310,6517,35,3924,8,44,2942,1,45,125,160,4644,19209,5,55,269,314,6553,35,3940,8,43,2968,1,45,125,160,4688,19319,5,56,270,322,6600,35,3956,8,45,2987,1,45,125,161,4703,19446,5,56,272,325,6650,35,3986,8,48,2997,1,45,125,161,4732,19575,5,56,268,330,6703,35,4024,8,50,3022,1,45,125,161,4742,19735,5,57,268,333,6769,36,4056,9,51,3050,1,45,125,160,4770,19851,5,58,265,336,6817,36,4082,7,51,3070,1,45,125,161,4792,20056,5,58,270,339,6899,37,4126,7,52,3099,1,45,124,161,4833,20223,5,58,272,340,6956,37,4168,7,58,3123,1,45,124,161,4868,20385,5,58,277,349,7027,37,4187,7,58,3134,1,45,124,161,4915,20491,5,59,277,345,7065,37,4204,7,65,3146,1,45,124,161,4950,20727,5,60,277,352,7127,37,4246,7,70,3143,1,45,124,161,5072,20875,5,61,286,349,7170,37,4260,7,81,3159,1,45,124,161,5129,21043,5,61,288,350,7220,37,4298,7,88,3176,1,45,124,161,5182,21151,5,62,288,349,7257,37,4331,7,89,3191,1,45,124,161,5204,21300,5,62,284,317,37,7319,37,4358,7,95,3200,1,47,121,161,5249,21500,5,62,280,319,47,7374,39,4412,7,98,3219,1,47,121,162,5307,21639,5,62,278,321,48,7441,39,4439,7,105,3235,1,47,120,162,5329,21784,5,62,277,319,51,7487,38,4481,6,112,3239,1,47,120,162,5377,21968,5,65,275,319,51,7581,39,4514,6,118,3235,1,47,120,162,5430,22186,5,67,271,315,51,7692,39,4551,6,127,3246,1,47,120,162,5486,22366,5,67,275,309,50,7785,40,4580,5,135,3261,1,47,120,162,5524,22448,5,67,279,309,50,7829,40,4598,5,141,3252,1,48,119,160,5545,22618,5,66,282,308,50,7917,41,4627,5,143,3258,1,48,121,159,5587,22785,5,66,281,307,50,7988,42,4659,5,144,3276,1,48,120,159,5634,22920,5,66,283,307,50,8048,42,4687,5,142,3297,1,48,120,159,5660,23007,5,66,286,302,50,8086,43,4698,5,139,3306,1,48,119,158,5695,23161,6,65,287,302,52,8162,43,4713,5,140,3326,1,48,118,158,5735,23269,6,66,286,296,52,8242,44,4731,5,144,3334,1,48,118,158,5738,23423,6,66,288,292,53,8301,43,4748,5,148,3357,1,48,117,155,5795,23516,6,66,294,285,53,8373,46,4741,5,150,3359,1,48,116,155,5818
"강원특별자치도",2378,1,15,46,28,717,2,357,1,2,337,2,18,96,129,627,2396,1,15,47,27,718,2,363,1,2,343,2,18,96,129,632,2412,1,14,49,30,719,3,366,1,2,346,2,18,96,129,636,2402,1,14,49,31,717,3,366,1,2,340,2,16,98,129,633,2418,1,14,48,31,727,3,367,1,2,345,2,16,98,129,634,2431,1,14,49,31,730,3,369,1,2,347,2,16,99,129,638,2441,1,14,49,31,738,3,370,1,2,346,2,16,99,129,640,2440,1,14,48,31,738,3,372,1,2,346,2,16,99,129,638,2447,1,14,48,30,742,3,375,1,2,347,2,16,99,129,638,2449,1,14,48,29,737,4,380,1,2,347,2,16,99,129,640,2461,1,14,48,29,743,4,383,1,2,346,2,16,99,129,644,2463,1,14,48,30,743,4,383,1,3,350,2,16,99,129,640,2467,1,14,46,31,742,4,384,1,3,350,2,16,99,129,645,2478,1,14,45,32,747,4,386,0,2,353,2,16,98,129,649,2497,1,14,45,33,757,4,385,0,2,357,2,16,98,129,654,2497,1,14,45,33,761,4,382,0,2,354,2,16,97,129,657,2501,1,14,45,34,760,4,386,0,2,353,2,16,97,129,658,2505,1,14,45,33,762,4,386,0,1,356,2,16,97,129,659,2512,1,14,45,33,766,4,388,0,1,358,2,16,97,129,658,2519,1,14,45,32,769,4,388,0,1,362,2,16,97,129,659,2545,1,14,45,32,774,4,392,0,1,365,2,16,97,129,673,2554,1,14,45,30,776,4,396,0,1,362,2,16,97,129,681,2571,1,14,45,32,779,4,399,0,3,366,2,16,97,129,684,2578,1,14,45,32,779,4,401,0,3,368,2,16,97,129,687,2588,2,13,45,32,0,781,4,405,0,3,368,2,16,97,129,691,2597,2,13,36,33,8,777,4,414,0,3,368,2,16,97,129,695,2616,2,13,37,33,9,782,4,416,0,4,372,2,16,97,129,700,2619,2,13,37,34,9,782,4,416,0,5,376,2,16,97,129,697,2625,2,13,36,34,9,788,4,418,0,5,374,2,16,97,129,698,2630,2,13,36,34,9,791,4,419,0,6,376,2,16,97,129,696,2640,2,13,37,33,9,792,3,421,0,6,377,2,16,97,129,703,2645,2,13,37,31,9,793,3,420,0,6,379,2,16,97,129,708,2644,2,13,37,30,9,792,3,422,0,6,377,2,16,97,129,709,2647,2,13,37,30,9,793,3,427,0,6,373,2,16,97,129,710,2656,2,14,36,30,9,798,3,429,0,6,378,2,16,97,129,707,2657,2,14,36,31,9,796,3,430,0,6,379,2,16,97,129,707,2670,2,14,36,32,9,804,3,435,0,6,378,2,16,97,129,707,2669,2,14,36,32,9,807,3,437,0,6,378,2,16,97,129,701,2681,2,14,36,32,9,812,4,437,0,6,376,2,16,97,129,709,2686,2,14,36,32,9,816,4,439,0,6,376,2,16,97,129,708
"충청북도",2530,1,10,41,42,791,1,373,1,4,372,0,14,93,158,629,2539,1,11,39,40,796,2,374,1,4,377,0,14,93,158,629,2561,1,11,40,40,808,2,375,1,4,382,0,14,93,159,631,2574,1,11,40,41,815,2,380,1,4,385,0,14,93,158,629,2599,1,11,39,42,827,2,384,1,4,386,0,14,94,158,636,2607,1,11,40,43,832,2,386,1,4,386,0,14,94,158,635,2630,1,11,40,45,845,2,390,1,4,389,0,14,94,158,636,2625,1,11,41,43,841,2,391,1,6,387,0,14,94,158,635,2620,1,11,38,46,834,2,395,1,6,386,0,14,94,158,634,2643,1,11,38,47,845,2,401,1,6,384,0,14,94,158,641,2642,1,11,38,48,843,2,404,1,6,386,0,14,94,158,636,2658,1,11,39,47,847,3,407,1,6,389,0,14,94,158,641,2681,1,11,39,48,856,3,414,1,7,388,0,14,94,158,647,2689,1,11,39,51,860,3,415,1,6,392,0,14,94,158,644,2697,1,11,38,52,862,3,417,1,8,392,0,14,94,158,646,2704,1,12,39,52,865,3,417,1,8,393,0,14,94,158,647,2723,1,12,38,50,876,3,419,1,8,393,0,14,94,158,656,2740,1,12,37,52,880,4,423,1,7,400,0,14,95,158,656,2755,1,12,38,51,884,4,428,1,7,401,0,14,95,158,661,2769,1,12,37,49,891,4,431,1,7,403,0,14,95,158,666,2774,1,12,37,49,884,4,435,1,7,397,0,14,95,158,680,2792,1,12,39,49,891,4,437,1,7,398,0,14,95,158,686,2799,1,12,39,50,898,4,437,1,7,398,0,14,95,158,685,2803,1,12,38,51,897,4,442,1,7,399,0,14,95,158,684,2820,1,12,36,42,9,901,4,444,1,7,401,0,14,95,158,695,2842,1,12,38,43,9,905,4,452,1,9,406,0,14,95,159,694,2857,1,12,38,41,9,915,5,451,1,10,406,0,14,95,159,700,2863,1,12,37,41,10,912,4,458,1,11,409,0,14,95,159,699,2871,1,12,37,41,10,911,4,462,1,11,408,0,14,95,159,705,2871,1,12,37,40,10,908,4,467,1,12,408,0,14,95,159,703,2884,1,12,37,39,11,915,4,468,1,12,411,0,14,95,159,705,2886,1,12,37,38,11,920,4,470,1,13,408,0,14,95,159,703,2906,1,12,36,37,12,934,4,470,1,13,406,0,14,94,159,713,2913,1,12,35,37,12,937,4,470,1,12,408,0,14,94,159,717,2922,1,12,35,38,12,936,4,472,1,12,409,0,14,94,159,723,2923,1,12,35,38,12,936,4,474,1,11,407,0,14,94,159,725,2921,1,12,36,38,12,932,4,475,1,13,405,0,14,94,159,725,2927,1,12,37,37,12,931,4,474,1,12,407,1,13,94,159,732,2928,1,12,37,36,12,933,4,474,1,12,408,1,13,94,159,731,2926,1,12,39,36,12,934,4,475,1,11,407,1,13,94,159,727
"충청남도",3400,2,11,51,72,1012,10,486,0,3,495,2,14,151,235,856,3417,2,11,52,73,1016,10,493,0,4,497,2,14,151,235,857,3435,2,11,51,73,1021,10,495,0,3,502,2,14,151,234,866,3432,2,11,51,74,1024,10,499,0,3,494,2,14,151,233,864,3442,2,11,53,75,1029,10,503,0,4,493,2,14,151,233,862,3464,2,11,52,75,1031,10,506,0,4,506,2,14,150,233,868,3483,2,11,51,77,1038,10,511,0,5,505,2,14,150,233,874,3478,2,11,49,78,1035,10,514,0,5,502,2,14,150,233,873,3519,2,11,43,88,1052,11,515,0,5,508,2,14,150,233,885,3532,2,11,44,90,1053,11,517,0,6,513,2,14,150,233,886,3545,2,11,45,89,1055,11,522,0,6,514,2,14,150,233,891,3564,2,11,45,90,1055,11,528,0,6,519,2,14,150,233,898,3582,2,11,45,90,1059,11,534,0,6,523,2,14,150,234,901,3600,2,11,44,90,1067,11,537,0,6,525,2,14,151,234,906,3606,2,11,45,91,1064,11,543,0,5,524,2,14,151,234,909,3605,2,11,45,91,1062,11,548,0,5,521,2,14,151,234,908,3619,2,11,43,90,1069,11,553,0,6,520,2,14,151,234,913,3628,2,11,43,89,1071,11,554,0,7,521,2,14,151,234,918,3640,2,11,45,89,1077,11,556,0,7,518,2,14,151,234,923,3641,2,11,44,88,1074,11,560,0,11,517,2,14,151,234,922,3667,2,11,44,88,1072,11,561,0,11,519,2,14,151,234,947,3674,2,11,44,88,1083,11,560,0,11,514,2,14,151,234,949,3679,2,11,44,86,1088,11,561,0,11,509,2,14,151,234,955,3686,2,11,45,84,1089,11,565,0,10,513,2,14,151,235,954,3681,2,11,43,67,15,1090,11,567,0,10,514,2,14,151,235,949,3697,2,11,43,67,17,1089,11,572,0,10,519,2,14,151,235,954,3701,2,11,45,67,18,1090,11,573,0,11,514,2,14,151,235,957,3706,2,11,46,67,17,1094,11,576,0,12,510,2,14,151,235,958,3708,2,11,45,67,17,1091,11,578,0,12,509,2,14,151,236,962,3718,2,11,44,69,17,1091,11,579,0,12,508,2,14,151,236,971,3734,2,11,44,69,17,1096,11,583,0,13,510,2,14,151,236,975,3746,2,11,44,69,17,1098,11,591,0,13,507,2,14,151,236,980,3765,2,11,46,69,17,1107,11,596,0,13,509,2,14,150,236,982,3774,2,11,46,69,16,1110,11,599,0,12,508,2,14,150,236,988,3775,2,11,46,68,16,1108,11,600,0,13,512,2,14,150,236,986,3791,2,11,46,68,17,1112,11,606,0,13,513,2,14,150,236,990,3805,1,12,46,67,17,1119,11,607,0,15,516,2,14,150,236,992,3826,1,12,47,66,16,1127,11,614,0,15,519,2,14,150,236,996,3850,1,12,47,66,17,1137,12,619,0,17,523,2,14,150,236,997,3840,1,12,47,66,17,1139,12,622,0,17,520,2,14,150,236,985
"전북특별자치도",3563,2,11,75,82,1090,2,511,0,24,489,4,10,149,240,874,3594,2,10,78,82,1099,2,519,0,25,491,4,10,149,242,881,3626,2,10,79,82,1110,3,530,0,25,494,4,10,149,242,886,3630,2,10,81,82,1107,3,533,0,26,491,4,10,149,242,890,3627,2,11,80,82,1104,3,537,0,25,492,4,10,149,242,886,3651,2,11,80,82,1109,3,541,0,25,501,4,10,149,242,892,3653,2,11,79,82,1110,3,544,0,25,500,4,10,149,242,892,3677,2,11,79,84,1125,3,548,0,26,503,4,10,149,242,891,3689,2,11,80,84,1132,3,551,0,27,500,4,10,149,241,895,3691,2,11,82,82,1134,3,556,0,28,498,4,10,149,241,891,3688,2,11,80,84,1132,3,557,0,29,495,4,10,149,241,891,3706,2,11,79,82,1143,3,560,0,29,502,4,10,149,241,891,3699,2,11,78,84,1146,3,556,0,26,498,4,10,149,241,891,3719,2,11,78,86,1149,3,564,0,29,502,4,10,149,241,891,3735,2,11,79,86,1149,3,568,0,28,510,4,10,149,242,894,3740,2,11,77,86,1153,3,573,0,29,509,4,10,149,242,892,3745,2,11,77,84,1157,3,577,0,29,506,4,10,149,242,894,3751,2,11,75,85,1157,3,582,0,28,507,4,10,149,242,896,3768,2,11,73,86,1160,3,585,0,30,509,4,10,149,242,904,3774,2,11,74,83,1165,3,588,0,30,505,4,10,149,242,908,3778,2,11,74,84,1159,3,584,0,30,503,4,10,148,239,927,3793,2,11,73,84,1165,3,586,0,31,505,4,10,148,238,933,3808,2,11,73,84,1171,3,589,0,31,504,4,10,148,238,940,3816,2,11,73,84,1172,3,592,0,31,505,4,10,148,238,943,3836,2,11,66,83,7,1178,3,594,0,32,506,4,10,148,239,953,3842,2,11,65,83,9,1180,3,594,0,32,507,4,10,148,239,955,3851,2,11,64,83,10,1187,3,592,0,32,508,4,10,148,239,958,3846,2,11,64,84,11,1179,3,592,0,32,509,4,10,148,239,958,3857,2,12,62,84,11,1182,3,595,0,31,511,4,10,148,240,962,3877,2,12,62,84,11,1190,3,594,0,32,510,4,10,148,240,975,3881,2,12,62,84,11,1192,3,597,0,33,509,4,10,148,240,974,3878,2,12,61,83,10,1196,3,595,0,33,509,4,10,148,240,972,3890,2,12,60,83,10,1202,3,597,0,34,509,4,11,148,240,975,3895,2,12,60,82,10,1206,3,596,0,34,507,4,11,148,240,980,3907,2,12,60,80,10,1208,3,604,0,35,505,4,11,148,240,985,3911,2,12,60,79,10,1215,3,604,0,35,502,4,11,148,240,986,3923,2,11,60,74,11,1220,3,607,0,35,505,4,11,148,240,992,3934,2,11,59,75,11,1226,3,608,0,35,507,4,11,148,240,994,3935,2,11,57,75,11,1226,3,610,0,35,507,4,11,148,240,995,3926,2,11,56,74,11,1226,3,606,0,36,506,4,11,148,240,992
"전라남도",3236,1,22,84,65,898,6,432,4,20,352,3,19,215,329,786,3243,1,22,83,64,902,6,435,4,20,351,3,19,215,329,789,3248,1,22,82,65,901,6,439,4,20,354,3,19,215,329,788,3244,1,22,83,68,905,6,439,3,19,350,3,19,213,327,786,3250,1,22,83,69,907,6,436,3,20,352,3,19,213,327,789,3268,1,22,84,71,914,6,440,3,20,354,3,19,213,327,791,3270,1,23,83,72,911,7,445,3,20,355,3,19,213,327,788,3289,1,23,81,73,923,7,450,3,21,356,3,19,214,328,787,3297,1,22,76,78,925,7,450,3,21,356,3,19,214,327,795,3325,1,22,77,79,931,8,457,3,21,365,3,19,214,327,798,3322,1,22,76,79,931,7,460,3,23,365,3,19,214,327,792,3323,1,22,74,81,931,7,465,3,24,364,3,19,214,326,789,3334,1,22,75,81,935,7,466,3,23,367,3,19,214,327,791,3350,1,23,76,82,939,7,468,2,23,376,3,19,214,327,790,3352,1,23,73,83,942,7,467,2,24,375,3,19,214,327,792,3367,1,23,74,84,943,7,469,2,24,377,3,19,214,327,800,3370,1,22,76,84,946,7,473,2,23,378,3,19,214,327,795,3387,1,22,77,87,944,7,480,2,24,377,3,19,214,327,803,3390,1,22,78,89,943,7,480,2,25,378,3,19,214,327,802,3389,1,22,78,90,944,7,482,1,25,373,3,19,214,327,803,3391,1,22,76,91,940,6,485,1,23,371,3,19,214,327,812,3405,1,23,79,89,939,6,490,1,25,372,3,19,214,327,817,3410,1,23,78,91,941,6,493,1,26,370,3,19,215,327,816,3408,1,22,79,90,940,6,493,1,26,370,3,19,215,327,816,3424,1,22,78,82,7,950,6,496,1,26,369,3,19,216,327,821,3445,1,23,75,82,9,959,6,497,1,26,375,3,19,216,327,826,3446,1,23,75,83,10,961,6,497,0,26,371,3,19,216,327,828,3450,1,24,74,82,10,962,6,498,0,26,369,3,19,216,327,833,3451,1,25,73,83,10,957,6,502,0,25,370,3,19,216,327,834,3459,1,25,73,83,10,958,6,507,0,26,369,3,19,216,327,836,3475,1,25,73,82,11,964,6,508,0,25,370,3,19,216,327,845,3478,1,25,72,82,11,969,6,508,0,26,369,3,19,216,327,844,3492,1,25,72,82,11,971,6,510,0,26,371,3,19,216,327,852,3495,1,25,73,83,11,971,6,512,0,27,368,3,19,216,327,853,3477,1,25,72,81,11,966,6,514,0,27,361,3,19,216,327,848,3476,1,25,73,80,10,970,6,513,0,28,356,3,19,216,327,849,3469,1,25,72,79,11,966,6,513,0,28,354,3,19,216,327,849,3467,1,25,73,79,11,962,7,512,0,29,353,3,19,216,327,850,3464,1,25,73,79,11,961,7,514,0,29,354,3,19,216,327,845,3467,1,25,72,79,11,962,7,515,1,29,355,3,19,215,328,845
"경상북도",4250,0,19,86,108,1203,11,603,0,7,612,2,23,224,313,1039,4273,0,19,84,110,1210,11,610,0,7,614,2,23,224,313,1046,4287,0,19,84,112,1217,11,612,0,7,617,2,23,224,313,1046,4301,0,19,84,112,1226,11,622,0,6,614,2,23,224,312,1046,4320,0,19,83,112,1238,11,625,0,6,612,2,23,224,311,1054,4336,0,19,84,113,1240,11,630,0,6,615,2,23,224,311,1058,4337,0,19,84,111,1245,11,630,0,6,613,2,23,224,311,1058,4330,0,18,83,112,1242,11,628,1,5,614,2,23,224,311,1056,4332,0,19,79,115,1247,12,629,1,5,616,2,23,224,311,1049,4360,0,19,80,121,1256,14,628,1,5,619,2,23,224,311,1057,4371,0,19,78,120,1258,15,633,1,5,621,2,23,224,311,1061,4376,0,19,79,120,1260,15,640,1,5,622,2,23,223,311,1056,4399,0,19,79,118,1270,15,647,1,4,624,2,23,223,311,1063,4425,0,20,78,119,1272,15,650,1,4,631,2,23,223,311,1076,4434,0,20,78,118,1282,14,649,1,4,631,2,23,223,311,1078,4441,0,20,76,120,1282,14,652,1,4,632,2,23,223,311,1081,4440,0,20,76,119,1277,14,659,1,5,634,2,23,223,311,1076,4454,0,20,76,119,1286,13,664,1,5,641,2,23,223,311,1070,4483,0,20,75,119,1292,13,671,1,6,646,2,23,223,311,1081,4474,0,20,74,117,1292,13,670,1,6,639,2,23,223,311,1083,4475,0,20,73,117,1285,13,672,1,6,638,2,23,223,311,1091,4493,0,20,73,117,1289,13,678,1,8,639,2,23,223,311,1096,4494,0,20,73,116,1291,13,678,1,8,638,2,23,223,311,1097,4485,0,20,73,117,1288,13,673,1,8,638,2,23,223,311,1095,4480,0,20,58,113,14,1287,13,673,1,8,636,2,23,223,311,1098,4486,0,20,53,113,23,1284,13,678,1,8,639,2,23,223,308,1098,4481,0,20,55,112,23,1282,13,673,1,7,641,2,23,223,308,1098,4472,0,20,55,113,24,1279,13,678,1,7,632,2,23,223,308,1094,4484,0,20,55,111,24,1290,13,681,1,6,629,2,23,223,308,1098,4492,0,20,56,111,24,1296,13,681,1,6,629,2,23,223,308,1099,4510,0,20,55,113,24,1306,13,684,1,7,626,2,23,223,308,1105,4507,0,20,51,109,26,1308,13,687,1,7,626,2,23,223,308,1103,4518,0,20,52,108,26,1310,13,693,1,7,624,2,23,223,308,1108,4515,0,21,51,108,26,1309,12,696,1,7,623,2,23,223,308,1105,4478,0,21,52,108,26,1296,12,696,1,8,621,2,22,216,298,1099,4472,0,21,52,107,26,1299,11,696,1,8,618,2,22,216,298,1095,4487,0,21,52,105,26,1302,11,698,1,8,622,2,22,216,298,1103,4496,0,21,52,105,26,1304,11,697,1,9,626,2,22,216,298,1106,4505,0,21,52,104,26,1308,11,697,1,9,626,2,22,216,298,1112,4514,0,21,50,103,26,1317,11,694,1,9,630,2,22,216,297,1115
"경상남도",4949,2,22,144,101,1502,16,801,1,4,756,1,20,171,221,1187,4973,2,21,145,100,1512,16,809,1,5,758,1,20,171,221,1191,4993,2,21,144,103,1518,17,810,1,5,761,1,20,172,221,1197,5010,2,22,142,108,1522,16,820,1,5,765,1,21,172,221,1192,5044,2,23,145,112,1533,18,822,1,5,774,1,20,173,221,1194,5076,2,23,147,115,1545,18,828,1,5,777,1,20,173,221,1200,5120,2,23,148,117,1561,18,835,1,6,782,1,20,173,221,1212,5132,2,23,149,117,1569,18,843,1,6,780,1,20,173,221,1209,5171,2,24,131,134,1580,18,851,1,6,786,1,19,175,221,1222,5205,2,24,132,133,1592,18,863,1,6,793,1,19,175,221,1225,5223,2,24,131,136,1594,18,867,1,6,802,1,19,174,221,1227,5225,2,23,132,138,1594,19,865,1,8,800,1,19,174,222,1227,5257,2,23,131,139,1608,19,870,1,9,801,1,19,173,222,1239,5257,2,23,130,140,1607,19,873,1,8,800,1,19,173,222,1239,5287,2,23,132,141,1617,20,874,1,8,806,1,19,173,222,1248,5310,2,23,139,144,1620,20,881,1,9,801,1,19,173,221,1256,5326,2,24,137,147,1628,20,888,1,9,795,1,19,173,221,1261,5350,2,24,138,146,1638,20,892,1,10,802,1,19,173,221,1263,5372,2,24,138,147,1645,20,893,1,12,804,1,19,173,221,1272,5364,2,24,138,145,1639,20,896,1,12,802,1,19,173,221,1271,5402,2,23,140,145,1646,20,900,1,12,805,1,19,174,221,1293,5420,2,23,141,148,1646,20,905,1,15,807,1,19,174,221,1297,5440,2,23,142,147,1656,20,911,1,15,808,1,19,174,221,1300,5449,2,23,140,148,1657,20,907,1,15,808,1,19,174,221,1313,5480,3,22,140,130,19,1666,20,912,1,17,811,1,19,174,221,1324,5488,3,23,132,129,24,1671,21,921,1,17,803,1,19,174,221,1328,5519,3,23,132,130,27,1680,21,928,1,18,803,1,19,174,221,1338,5529,3,23,134,128,27,1682,20,928,1,19,803,1,19,174,221,1346,5543,3,23,131,129,27,1693,20,928,1,19,800,1,19,174,221,1354,5566,3,23,132,127,28,1703,20,929,1,19,801,1,19,175,221,1364,5563,3,23,131,127,28,1700,20,934,1,19,800,1,19,175,220,1362,5562,3,23,131,125,29,1701,20,934,1,19,791,1,19,175,220,1370,5571,3,23,127,123,29,1706,20,938,1,20,789,1,20,174,220,1377,5576,3,23,129,121,29,1706,21,944,1,23,786,1,20,174,220,1375,5571,3,23,127,120,29,1707,21,945,1,24,782,1,20,174,220,1374,5574,3,23,127,119,29,1715,22,944,1,24,781,1,20,173,220,1372,5581,3,22,128,118,29,1709,22,946,1,22,784,1,20,173,220,1383,5584,3,22,128,114,29,1711,22,951,1,25,782,1,20,173,220,1382,5610,3,22,128,114,30,1724,22,954,1,27,785,1,20,173,220,1386,5600,3,22,129,113,30,1721,22,955,1,27,783,1,20,172,220,1381
"제주특별자치도",1030,0,7,7,8,346,0,177,1,0,169,0,6,10,47,252,1035,0,7,7,8,351,0,180,1,0,169,0,6,10,47,249,1043,0,7,7,8,357,0,180,1,0,169,0,6,10,47,251,1045,0,7,7,8,361,0,181,1,0,165,0,6,10,47,252,1054,0,6,8,8,366,0,183,1,0,166,0,6,10,47,253,1067,0,6,8,8,375,0,187,1,0,164,0,6,10,47,255,1080,0,6,8,8,382,0,191,1,0,165,0,6,10,47,256,1096,0,6,8,10,379,1,197,1,0,172,0,6,10,47,259,1109,0,6,7,11,385,1,197,1,0,179,0,6,10,47,259,1121,0,6,7,11,390,1,202,1,0,179,0,6,10,47,261,1140,0,6,7,11,400,1,202,1,0,181,0,6,10,47,268,1159,0,6,7,10,412,1,206,1,0,181,0,6,10,47,272,1172,0,6,7,9,421,1,209,1,0,179,0,6,10,47,276,1184,0,6,7,9,424,1,210,1,0,186,0,6,10,47,277,1195,0,6,7,9,430,1,211,1,0,189,0,6,10,47,278,1200,0,6,7,9,436,1,212,1,0,185,0,6,11,47,279,1203,0,6,7,10,435,1,212,1,0,187,0,6,11,47,280,1219,0,6,7,10,437,1,216,1,0,189,0,6,11,47,288,1236,0,6,7,10,442,1,218,1,0,193,0,6,11,47,294,1245,0,6,7,10,448,1,218,1,0,193,0,6,11,47,297,1249,0,6,7,10,451,1,219,1,0,193,0,6,11,47,297,1254,0,6,7,10,452,1,220,1,0,192,0,6,11,47,301,1259,0,6,7,10,456,1,219,1,0,192,0,6,11,48,302,1263,0,6,7,10,456,1,219,1,1,194,0,6,11,48,303,1268,0,6,7,9,1,457,1,223,1,1,194,0,6,11,48,303,1274,0,6,7,9,1,459,1,226,1,1,194,0,6,11,48,304,1281,0,6,7,9,1,458,1,229,1,1,195,0,6,11,48,308,1283,0,6,7,9,1,463,1,229,1,1,195,0,6,11,48,305,1293,0,6,7,10,1,465,1,235,1,1,192,0,6,11,48,309,1309,0,6,7,10,1,471,1,240,1,1,196,0,6,11,48,310,1317,0,6,7,10,1,477,1,242,1,1,194,0,6,11,48,312,1332,0,6,7,11,2,482,1,244,1,1,194,0,6,11,48,318,1331,0,6,8,11,2,484,1,243,1,1,195,0,6,11,48,314,1346,0,6,8,11,2,492,1,243,1,1,197,0,6,11,48,319,1356,0,6,8,11,2,496,1,244,1,1,198,0,6,11,48,323,1353,0,6,8,11,2,497,1,244,1,1,196,0,6,11,48,321,1357,0,6,8,11,2,497,1,245,1,1,197,0,6,11,48,323,1365,0,6,8,11,2,501,1,246,1,1,197,0,6,11,48,326,1365,0,6,8,11,2,503,1,247,1,1,196,0,6,11,48,324,1366,0,6,8,10,2,499,1,248,1,1,199,0,6,11,48,326
