시도,연도,총인구수,고령인구수_65세이상,고령인구비율,노인복지시설_합계,요양병원수,고령인구10만명당_노인복지시설수,고령인구10만명당_요양병원수
전라남도,2015,1908996,391837,20.53,9108,67,2324.44,17.1
전북특별자치도,2015,1869711,333524,17.84,6808,82,2041.23,24.59
경상북도,2015,2702826,479634,17.75,8033,112,1674.82,23.35
강원특별자치도,2015,1549507,261671,16.89,3233,30,1235.52,11.46
충청남도,2015,2077649,341214,16.42,5756,67,1686.92,19.64
충청북도,2015,1583952,234813,14.82,4164,37,1773.33,15.76
부산광역시,2015,3513777,514630,14.65,2441,179,474.32,34.78
경상남도,2015,3364702,464019,13.79,7463,108,1608.34,23.27
제주특별자치도,2015,624395,85893,13.76,467,8,543.7,9.31
대구광역시,2015,2487829,316122,12.71,1609,61,508.98,19.3
서울특별시,2015,10022181,1262436,12.6,3948,102,312.73,8.08
광주광역시,2015,1472199,166389,11.3,1561,49,938.16,29.45
대전광역시,2015,1518775,165528,10.9,915,52,552.78,31.41
인천광역시,2015,2925815,312905,10.69,1598,60,510.7,19.18
세종특별자치시,2015,210884,22399,10.62,431,6,1924.19,26.79
경기도,2015,12522606,1318882,10.53,9788,272,742.14,20.62
울산광역시,2015,1173534,103205,8.79,839,43,812.95,41.66
전라남도,2016,1903914,398916,20.95,9179,72,2300.99,18.05
전북특별자치도,2016,1864791,341203,18.3,6860,84,2010.53,24.62
경상북도,2016,2700398,492417,18.23,8084,112,1641.7,22.74
강원특별자치도,2016,1550806,266152,17.16,3297,30,1238.77,11.27
충청남도,2016,2096727,350108,16.7,5778,71,1650.35,20.28
부산광역시,2016,3498529,536064,15.32,2485,186,463.56,34.7
충청북도,2016,1591625,240690,15.12,4191,39,1741.24,16.2
경상남도,2016,3373871,480278,14.24,7516,117,1564.93,24.36
제주특별자치도,2016,641597,89189,13.9,475,10,532.58,11.21
대구광역시,2016,2484557,328901,13.24,1638,62,498.02,18.85
서울특별시,2016,9930616,1295899,13.05,3961,109,305.66,8.41
광주광역시,2016,1469214,172572,11.75,1511,55,875.58,31.87
대전광역시,2016,1514370,171568,11.33,930,52,542.06,30.31
인천광역시,2016,2943069,324255,11.02,1605,64,494.98,19.74
경기도,2016,12716780,1374475,10.81,9908,271,720.86,19.72
세종특별자치시,2016,243048,24197,9.96,453,6,1872.13,24.8
울산광역시,2016,1172304,108768,9.28,856,46,787.0,42.29
전라남도,2017,1896424,408451,21.54,9223,74,2258.04,18.12
경상북도,2017,2691706,512681,19.05,8158,117,1591.24,22.82
전북특별자치도,2017,1854607,351282,18.94,6923,82,1970.78,23.34
강원특별자치도,2017,1550142,279976,18.06,3342,30,1193.67,10.72
충청남도,2017,2116770,362946,17.15,5856,74,1613.46,20.39
부산광역시,2017,3470653,565527,16.29,2513,182,444.36,32.18
충청북도,2017,1594432,252434,15.83,4216,41,1670.14,16.24
경상남도,2017,3380404,504460,14.92,7554,121,1497.44,23.99
제주특별자치도,2017,657083,93117,14.17,484,9,519.78,9.67
대구광역시,2017,2475231,347459,14.04,1652,61,475.45,17.56
서울특별시,2017,9857426,1359901,13.8,3992,114,293.55,8.38
광주광역시,2017,1463770,180862,12.36,1541,57,852.03,31.52
대전광역시,2017,1502227,180667,12.03,932,52,515.87,28.78
인천광역시,2017,2948542,345024,11.7,1599,69,463.45,20.0
경기도,2017,12873895,1467835,11.4,10061,290,685.43,19.76
울산광역시,2017,1165132,116633,10.01,855,43,733.07,36.87
세종특별자치시,2017,280100,26851,9.59,462,6,1720.61,22.35
전라남도,2018,1882970,413132,21.94,9307,77,2252.79,18.64
경상북도,2018,2676831,529349,19.78,8226,117,1553.98,22.1
전북특별자치도,2018,1836832,358410,19.51,6968,86,1944.14,23.99
강원특별자치도,2018,1543052,289386,18.75,3398,33,1174.21,11.4
충청남도,2018,2126282,372515,17.52,5896,75,1582.76,20.13
부산광역시,2018,3441453,589961,17.14,2561,169,434.1,28.65
충청북도,2018,1599252,261763,16.37,4246,46,1622.08,17.57
경상남도,2018,3373988,523165,15.51,7640,126,1460.34,24.08
대구광역시,2018,2461769,362934,14.74,1676,63,461.79,17.36
서울특별시,2018,9765623,1410297,14.44,4107,118,291.22,8.37
제주특별자치도,2018,667191,96207,14.42,492,8,511.4,8.32
광주광역시,2018,1459336,187186,12.83,1562,60,834.46,32.05
대전광역시,2018,1489936,188530,12.65,962,51,510.26,27.05
인천광역시,2018,2954642,362675,12.27,1667,68,459.64,18.75
경기도,2018,13077153,1551801,11.87,10300,304,663.74,19.59
울산광역시,2018,1155623,123919,10.72,865,42,698.04,33.89
세종특별자치시,2018,314126,29178,9.29,488,5,1672.49,17.14
전라남도,2019,1868745,422548,22.61,9473,83,2241.88,19.64
경상북도,2019,2665836,549415,20.61,8343,114,1518.52,20.75
전북특별자치도,2019,1818917,370676,20.38,7076,83,1908.94,22.39
강원특별자치도,2019,1541502,302886,19.65,3541,32,1169.09,10.57
충청남도,2019,2123709,386674,18.21,6025,72,1558.16,18.62
부산광역시,2019,3413841,620123,18.16,2629,170,423.95,27.41
충청북도,2019,1600007,273425,17.09,4312,43,1577.03,15.73
경상남도,2019,3362553,548257,16.3,7760,128,1415.39,23.35
대구광역시,2019,2438031,379277,15.56,1691,68,445.85,17.93
서울특별시,2019,9729107,1478664,15.2,4391,123,296.96,8.32
제주특별자치도,2019,670989,100397,14.96,506,9,504.0,8.96
대전광역시,2019,1474870,198691,13.47,1032,51,519.4,25.67
광주광역시,2019,1456468,195479,13.42,1624,63,830.78,32.23
인천광역시,2019,2957026,384548,13.0,1790,68,465.48,17.68
경기도,2019,13239666,1651341,12.47,10855,314,657.34,19.01
울산광역시,2019,1148019,132565,11.55,909,42,685.7,31.68
세종특별자치시,2019,340575,31949,9.38,210,5,657.3,15.65
전라남도,2020,1851549,435880,23.54,9616,83,2206.11,19.04
경상북도,2020,2639422,573715,21.74,8573,114,1494.3,19.87
전북특별자치도,2020,1804104,386203,21.41,7271,83,1882.69,21.49
강원특별자치도,2020,1542840,319691,20.72,3621,32,1132.66,10.01
부산광역시,2020,3391946,657711,19.39,2698,168,410.21,25.54
충청남도,2020,2121029,405188,19.1,6170,69,1522.75,17.03
충청북도,2020,1600837,288148,18.0,4426,44,1536.02,15.27
경상남도,2020,3340216,580258,17.37,8000,130,1378.7,22.4
대구광역시,2020,2418346,400494,16.56,1785,70,445.7,17.48
서울특별시,2020,9668465,1561139,16.15,4699,126,301.0,8.07
제주특별자치도,2020,674635,106154,15.74,508,9,478.55,8.48
대전광역시,2020,1463882,210784,14.4,1092,51,518.07,24.2
광주광역시,2020,1450062,205666,14.18,1684,60,818.8,29.17
인천광역시,2020,2942828,411483,13.98,1962,67,476.81,16.28
경기도,2020,13427014,1775315,13.22,11477,319,646.48,17.97
울산광역시,2020,1136017,143367,12.62,967,41,674.49,28.6
세종특별자치시,2020,355831,34881,9.8,522,5,1496.52,14.33
전라남도,2021,1832803,445198,24.29,9742,82,2188.24,18.42
경상북도,2021,2626609,596312,22.7,8829,113,1480.6,18.95
전북특별자치도,2021,1786855,397619,22.25,6904,84,1736.34,21.13
강원특별자치도,2021,1538492,333176,21.66,3728,34,1118.93,10.2
부산광역시,2021,3350380,681885,20.35,2812,169,412.39,24.78
충청남도,2021,2119257,419979,19.82,6359,67,1514.12,15.95
충청북도,2021,1597427,301516,18.88,4548,42,1508.38,13.93
경상남도,2021,3314183,608379,18.36,8278,129,1360.66,21.2
대구광역시,2021,2385412,417060,17.48,1915,74,459.17,17.74
서울특별시,2021,9509458,1597447,16.8,5021,124,314.31,7.76
제주특별자치도,2021,676759,110645,16.35,531,9,479.91,8.13
대전광역시,2021,1452251,221207,15.23,1171,48,529.37,21.7
광주광역시,2021,1441611,213291,14.8,1798,59,842.98,27.66
인천광역시,2021,2948375,435431,14.77,2197,67,504.56,15.39
경기도,2021,13565450,1881464,13.87,12248,320,650.98,17.01
울산광역시,2021,1121592,152961,13.64,1043,41,681.87,26.8
세종특별자치시,2021,371895,37463,10.07,535,5,1428.08,13.35
전라남도,2022,1817697,457481,25.17,9949,82,2174.74,17.92
경상북도,2022,2600492,618275,23.78,9073,109,1467.47,17.63
전북특별자치도,2022,1769607,410619,23.2,7527,84,1833.09,20.46
강원특별자치도,2022,1536498,349874,22.77,3893,31,1112.69,8.86
부산광역시,2022,3317812,712412,21.47,3055,163,428.82,22.88
충청남도,2022,2123037,436895,20.58,6547,69,1498.53,15.79
충청북도,2022,1595058,316939,19.87,4643,39,1464.95,12.31
경상남도,2022,3280493,638801,19.47,8616,125,1348.78,19.57
대구광역시,2022,2363691,435698,18.43,2112,76,484.74,17.44
서울특별시,2022,9428372,1658207,17.59,5385,122,324.75,7.36
제주특별자치도,2022,678159,115768,17.07,568,11,490.64,9.5
대전광역시,2022,1446072,232663,16.09,1238,47,532.1,20.2
인천광역시,2022,2967314,463850,15.63,2321,66,500.38,14.23
광주광역시,2022,1431050,222970,15.58,1930,61,865.59,27.36
울산광역시,2022,1110663,163812,14.75,1103,39,673.33,23.81
경기도,2022,13589432,1992807,14.66,13182,309,661.48,15.51
세종특별자치시,2022,383591,40219,10.48,553,4,1374.97,9.95
전라남도,2023,1804217,470874,26.1,10058,80,2136.03,16.99
경상북도,2023,2554324,630486,24.68,9023,107,1431.12,16.97
전북특별자치도,2023,1754757,423128,24.11,7664,80,1811.27,18.91
강원특별자치도,2023,1527807,366555,23.99,4024,31,1097.79,8.46
부산광역시,2023,3293362,745199,22.63,3237,162,434.38,21.74
충청남도,2023,2130119,454534,21.34,6708,68,1475.8,14.96
충청북도,2023,1593469,332237,20.85,4779,38,1438.43,11.44
경상남도,2023,3251158,669646,20.6,8894,119,1328.16,17.77
대구광역시,2023,2374960,466338,19.64,2494,71,534.81,15.23
서울특별시,2023,9386034,1733580,18.47,5751,110,331.74,6.35
제주특별자치도,2023,675252,121156,17.94,615,11,507.61,9.08
대전광역시,2023,1442216,244756,16.97,1334,47,545.03,19.2
인천광역시,2023,2997410,497057,16.58,2553,63,513.62,12.67
광주광역시,2023,1419237,233878,16.48,2080,63,889.35,26.94
울산광역시,2023,1103661,175709,15.92,1179,38,671.0,21.63
경기도,2023,13630821,2122718,15.57,13872,303,653.5,14.27
세종특별자치시,2023,386525,42560,11.01,570,4,1339.29,9.4
전라남도,2024,1788819,486492,27.2,10269,79,2110.83,16.24
경상북도,2024,2531384,659227,26.04,9186,103,1393.45,15.62
강원특별자치도,2024,1517766,384970,25.36,4149,32,1077.75,8.31
전북특별자치도,2024,1738690,439263,25.26,7914,74,1801.65,16.85
부산광역시,2024,3266598,780576,23.9,3424,160,438.65,20.5
충청남도,2024,2136574,475648,22.26,6862,66,1442.66,13.88
충청북도,2024,1591177,349187,21.95,4877,36,1396.67,10.31
경상남도,2024,3228380,704330,21.82,9121,113,1294.99,16.04
대구광역시,2024,2363629,493256,20.87,2631,71,533.39,14.39
서울특별시,2024,9331828,1813648,19.44,6167,107,340.03,5.9
제주특별자치도,2024,670368,126985,18.94,641,10,504.78,7.87
대전광역시,2024,1439157,259245,18.01,1470,45,567.03,17.36
인천광역시,2024,3021010,533369,17.66,2767,62,518.78,11.62
광주광역시,2024,1408422,246980,17.54,2127,60,861.2,24.29
울산광역시,2024,1098049,188702,17.19,1235,36,654.47,19.08
경기도,2024,13694685,2269603,16.57,14569,285,641.92,12.56
세종특별자치시,2024,390685,45301,11.6,586,3,1293.57,6.62
