연도,시도,노인여가복지시설_경로당,노인여가복지시설_복지관,재가노인복지시설_방문요양서비스_시설수,재가노인복지시설_방문요양서비스_정원,재가노인복지시설_방문요양서비스_현원,재가노인복지시설_주야간보호서비스_시설수,재가노인복지시설_주야간보호서비스_정원,재가노인복지시설_주야간보호서비스_현원,재가노인복지시설_단기보호서비스_시설수,재가노인복지시설_단기보호서비스_정원,재가노인복지시설_단기보호서비스_현원,재가노인복지시설_방문목욕서비스_시설수,재가노인복지시설_방문목욕서비스_정원,재가노인복지시설_방문목욕서비스_현원,재가노인복지시설_방문간호서비스_시설수,재가노인복지시설_방문간호서비스_정원,재가노인복지시설_방문간호서비스_현원,재가노인복지시설_재가노인지원서비스_시설수,재가노인복지시설_재가노인지원서비스_정원,재가노인복지시설_재가노인지원서비스_현원,노인보호전문기관_시설수,노인일자리지원기관_시설수,노인복지시설_합계
2015,서울특별시,3333,74,120,0,2365,263,5735,5135,61,754,574,82,0,558,0,0,0,6,0,570,2,7,3948
2015,부산광역시,2235,24,63,0,1097,50,870,707,0,0,0,23,0,202,0,0,0,29,0,2143,2,15,2441
2015,대구광역시,1437,14,42,0,792,34,624,463,1,3,0,20,0,25,0,0,0,51,0,6341,2,8,1609
2015,인천광역시,1445,18,52,0,1091,17,362,284,4,39,18,39,0,240,0,0,0,21,0,1781,1,1,1598
2015,광주광역시,1297,11,112,0,2969,54,984,693,1,4,0,71,0,695,0,0,0,9,0,519,1,5,1561
2015,대전광역시,801,7,33,0,646,42,885,586,0,0,0,22,0,84,0,0,0,4,0,321,1,5,915
2015,울산광역시,774,11,19,0,450,9,176,158,0,0,0,7,0,12,0,0,0,15,0,1303,1,3,839
2015,세종특별자치시,423,0,3,0,66,3,86,76,1,3,0,1,0,3,0,0,0,0,0,0,0,0,431
2015,경기도,9248,54,130,0,3040,190,3811,3143,12,137,122,82,0,457,0,0,0,53,0,4598,3,16,9788
2015,강원특별자치도,3049,13,59,0,2327,51,1106,797,1,5,3,37,0,460,0,0,0,7,0,530,3,13,3233
2015,충청북도,4051,16,27,0,503,27,485,373,3,15,5,8,0,78,0,0,0,19,0,1902,2,11,4164
2015,충청남도,5617,15,31,0,1019,31,745,499,7,56,12,23,0,102,0,0,0,23,0,1802,2,7,5756
2015,전북특별자치도,6567,22,90,0,3507,66,1375,948,2,15,0,38,0,410,0,0,0,8,0,461,2,13,6808
2015,전라남도,8837,31,101,0,2268,61,1060,770,3,15,0,66,0,1100,0,0,0,3,0,95,2,4,9108
2015,경상북도,7800,17,59,0,1215,48,969,578,13,92,62,46,0,459,0,0,0,36,0,2826,2,12,8033
2015,경상남도,7237,19,64,0,1483,45,895,723,3,19,1,38,0,595,0,0,0,48,0,3943,2,7,7463
2015,제주특별자치도,417,1,16,0,437,16,299,244,0,0,0,14,0,75,0,0,0,0,0,0,1,2,467
2016,서울특별시,3369,76,102,0,2320,277,6369,5698,48,565,461,71,0,632,0,0,0,9,0,1046,2,7,3961
2016,부산광역시,2247,25,65,0,1293,56,1083,866,0,0,0,26,0,109,0,0,0,48,0,3579,2,16,2485
2016,대구광역시,1450,15,47,0,960,43,1075,858,1,3,0,22,0,52,0,0,0,50,0,6437,2,8,1638
2016,인천광역시,1463,17,47,0,855,18,424,350,2,13,3,35,0,106,0,0,0,21,0,1789,1,1,1605
2016,광주광역시,1300,8,89,0,2044,48,990,681,0,0,0,55,0,502,0,0,0,5,0,322,1,5,1511
2016,대전광역시,804,7,34,0,613,42,1013,666,0,0,0,21,0,122,0,0,0,16,0,1132,1,5,930
2016,울산광역시,787,12,19,0,428,11,214,183,0,0,0,5,0,8,0,0,0,17,0,1426,1,4,856
2016,세종특별자치시,445,0,3,0,21,3,116,90,1,3,0,1,0,0,0,0,0,0,0,0,0,0,453
2016,경기도,9315,56,145,0,3749,212,4477,3594,11,136,106,96,0,643,0,0,0,54,0,4466,3,16,9908
2016,강원특별자치도,3086,13,59,0,2046,58,1284,964,2,15,3,35,0,559,0,0,0,28,0,2459,3,13,3297
2016,충청북도,4080,16,23,0,397,33,653,431,0,0,0,7,0,51,0,0,0,19,0,1950,2,11,4191
2016,충청남도,5648,15,32,0,970,33,799,601,8,60,14,22,0,209,0,0,0,8,0,573,2,10,5778
2016,전북특별자치도,6608,23,90,0,3299,69,1595,1171,1,5,0,37,0,640,0,0,0,17,0,1000,2,13,6860
2016,전라남도,8884,29,112,0,2120,67,1219,932,4,23,8,63,0,1090,0,0,0,12,0,242,2,6,9179
2016,경상북도,7854,17,61,0,1302,50,1021,619,12,88,38,39,0,219,0,0,0,37,0,3380,2,12,8084
2016,경상남도,7277,19,66,0,1430,51,1131,914,5,31,0,40,0,685,0,0,0,49,0,4020,2,7,7516
2016,제주특별자치도,427,2,15,0,427,15,304,226,0,0,0,13,0,85,0,0,0,0,0,0,1,2,475
2017,서울특별시,3363,81,109,0,2381,306,7551,6580,39,484,427,79,0,982,0,0,0,4,0,229,2,9,3992
2017,부산광역시,2278,26,63,0,1393,57,1212,925,0,0,0,23,0,75,0,0,0,48,0,3632,2,16,2513
2017,대구광역시,1489,13,46,0,1066,46,1515,1296,0,0,0,18,0,103,0,0,0,30,0,3733,2,8,1652
2017,인천광역시,1469,19,45,0,1307,19,500,442,2,13,10,29,0,185,2,0,48,4,0,361,1,9,1599
2017,광주광역시,1313,9,95,0,2159,51,1294,921,1,80,0,63,0,875,0,0,0,3,0,243,1,5,1541
2017,대전광역시,811,7,31,0,671,45,1194,829,0,0,0,23,0,172,0,0,0,9,0,774,1,5,932
2017,울산광역시,791,12,20,0,762,13,254,227,0,0,0,5,0,16,0,0,0,7,0,457,2,5,855
2017,세종특별자치시,455,0,2,0,33,4,145,97,0,0,0,1,0,2,0,0,0,0,0,0,0,0,462
2017,경기도,9433,56,157,0,4008,227,5353,4196,10,114,86,104,0,443,3,0,4,52,0,4374,3,16,10061
2017,강원특별자치도,3116,14,60,0,2711,61,1382,1133,3,15,3,40,0,769,2,0,43,30,0,1928,3,13,3342
2017,충청북도,4107,18,18,0,257,34,675,460,0,0,0,4,0,20,1,0,13,19,0,1868,2,13,4216
2017,충청남도,5688,16,36,0,1127,46,1031,805,8,62,3,24,0,290,0,0,0,23,0,1954,2,13,5856
2017,전북특별자치도,6648,21,81,0,1924,70,1607,1218,2,15,0,40,0,640,1,0,0,45,0,2760,2,13,6923
2017,전라남도,8939,25,102,0,2349,73,1422,1203,4,94,6,66,0,939,0,0,0,6,0,104,2,6,9223
2017,경상북도,7947,18,56,0,1104,50,1083,710,9,78,23,36,0,328,1,0,26,26,0,2121,3,12,8158
2017,경상남도,7326,21,64,0,1775,57,1391,1021,2,9,0,38,0,665,0,0,0,36,0,3022,2,8,7554
2017,제주특별자치도,431,2,16,0,359,15,325,223,0,0,0,16,0,295,0,0,0,0,0,0,2,2,484
2018,서울특별시,3425,82,115,0,2880,342,8872,7880,32,391,348,88,0,908,3,0,36,6,0,635,3,11,4107
2018,부산광역시,2311,31,68,0,1596,61,1462,1053,1,5,0,23,0,31,0,0,0,48,0,3876,2,16,2561
2018,대구광역시,1508,19,47,0,1370,39,1037,1002,1,36,25,15,0,186,0,0,0,36,0,5787,2,9,1676
2018,인천광역시,1489,22,51,0,1044,29,864,712,2,10,3,39,0,222,3,0,25,21,0,1721,1,10,1667
2018,광주광역시,1315,9,99,0,3160,57,1664,1203,1,80,0,68,0,550,0,0,0,7,0,490,1,5,1562
2018,대전광역시,817,7,43,0,900,55,1691,1196,0,0,0,26,0,44,1,0,6,7,0,595,1,5,962
2018,울산광역시,806,13,17,0,541,14,270,234,0,0,0,8,0,33,1,0,30,0,0,0,1,5,865
2018,세종특별자치시,478,0,2,0,33,5,140,103,0,0,0,1,0,2,0,0,0,1,0,80,0,1,488
2018,경기도,9609,61,172,0,4390,260,6871,5228,7,74,66,112,0,515,7,0,19,52,0,5166,4,16,10300
2018,강원특별자치도,3150,15,60,0,2391,69,1780,1377,4,9,4,45,0,626,1,0,42,38,0,3068,3,13,3398
2018,충청북도,4129,18,20,0,464,40,881,601,1,8,0,6,0,25,1,0,13,18,0,1782,2,11,4246
2018,충청남도,5733,16,34,0,1154,46,1198,933,6,41,4,21,0,423,2,0,0,24,0,1929,2,12,5896
2018,전북특별자치도,6699,22,80,0,2465,73,1790,1497,2,15,0,42,0,592,1,0,0,34,0,2077,2,13,6968
2018,전라남도,9003,29,104,0,2721,88,1953,1460,4,94,6,64,0,953,0,0,0,7,0,85,1,7,9307
2018,경상북도,7998,19,55,0,1333,55,1233,865,9,64,21,36,0,341,1,0,39,37,0,3566,3,13,8226
2018,경상남도,7378,23,68,0,2070,64,1759,1284,3,0,0,40,0,886,0,0,0,51,0,4098,2,11,7640
2018,제주특별자치도,438,3,16,0,479,15,350,270,0,0,0,16,0,149,0,0,0,0,0,0,2,2,492
2019,서울특별시,3466,85,206,0,4019,395,10802,8953,30,367,280,163,0,936,7,0,134,20,0,1931,3,16,4391
2019,부산광역시,2327,32,93,0,2083,82,2706,1614,0,0,0,26,0,90,2,0,35,49,0,3975,2,16,2629
2019,대구광역시,1523,18,48,0,1503,42,1343,852,3,17,10,14,0,23,1,0,3,32,0,4247,2,8,1691
2019,인천광역시,1511,23,88,0,1537,71,2401,1300,1,10,4,62,0,343,4,0,8,17,0,1476,2,11,1790
2019,광주광역시,1329,9,123,0,2889,69,2223,1411,2,84,4,77,0,587,2,0,0,7,0,548,1,5,1624
2019,대전광역시,824,7,68,0,1071,71,2300,1716,0,0,0,43,0,68,2,0,0,11,0,1027,1,5,1032
2019,울산광역시,823,13,21,0,644,19,514,306,1,4,1,7,0,88,1,0,0,17,0,1449,1,6,909
2019,세종특별자치시,196,0,3,0,33,8,295,137,0,0,0,1,0,2,0,0,0,1,0,80,0,1,210
2019,경기도,9825,63,258,0,0,415,12812,8761,12,99,57,183,0,0,19,0,0,56,0,0,4,20,10855
2019,강원특별자치도,3195,16,102,0,4383,95,2790,1929,2,10,1,70,0,962,10,0,233,35,0,2572,3,13,3541
2019,충청북도,4175,19,29,0,662,53,1550,895,0,0,0,6,0,0,0,0,0,17,0,1752,2,11,4312
2019,충청남도,5787,16,61,0,1543,81,2185,1328,8,74,6,40,0,483,2,0,0,15,0,1212,2,13,6025
2019,전북특별자치도,6720,21,107,0,3626,115,3284,2708,2,15,0,60,0,996,3,0,0,30,0,1889,2,16,7076
2019,전라남도,9064,29,145,0,4078,110,2795,1973,5,22,2,89,0,1807,3,0,8,18,0,345,2,8,9473
2019,경상북도,8087,19,60,0,1516,78,1882,1177,9,37,4,36,0,443,2,0,61,36,0,3521,3,13,8343
2019,경상남도,7437,19,83,0,2164,96,2888,1952,3,5,0,49,0,1181,1,0,18,50,0,4107,2,20,7760
2019,제주특별자치도,448,2,18,0,463,16,317,307,0,0,0,16,0,196,1,0,0,1,0,37,2,2,506
2020,서울특별시,3472,83,354,0,5899,433,12683,8887,29,353,275,268,0,783,15,0,50,23,0,2924,4,18,4699
2020,부산광역시,2330,32,125,0,2506,102,3453,1981,0,0,0,49,0,35,2,0,30,40,0,3199,2,16,2698
2020,대구광역시,1524,19,98,0,1381,67,2152,1256,4,24,7,31,0,65,2,0,21,30,0,6017,2,8,1785
2020,인천광역시,1503,23,169,0,2436,104,3641,2162,1,10,0,121,0,415,12,0,126,16,0,3485,2,11,1962
2020,광주광역시,1333,9,143,0,3048,95,3465,2119,4,89,7,85,0,754,4,0,123,5,0,295,1,5,1684
2020,대전광역시,826,8,95,0,1272,85,2833,1852,1,3,0,59,0,138,3,0,4,9,0,778,1,5,1092
2020,울산광역시,830,14,38,0,917,36,1025,682,2,5,11,21,0,213,4,0,42,15,0,1358,1,6,967
2020,세종특별자치시,498,0,8,0,122,10,438,296,0,0,0,3,0,0,0,0,0,2,0,172,0,1,522
2020,경기도,9863,62,575,0,9436,510,16530,10361,8,166,50,371,0,1632,22,0,120,41,0,3904,4,21,11477
2020,강원특별자치도,3229,16,137,0,4748,106,3174,2286,2,45,3,84,0,902,11,0,196,20,0,1535,3,13,3621
2020,충청북도,4186,20,72,0,740,87,2690,1779,1,80,0,27,0,209,1,0,8,19,0,1974,2,11,4426
2020,충청남도,5806,17,124,0,2290,107,3233,2149,4,24,0,74,0,618,2,0,0,18,0,1400,2,16,6170
2020,전북특별자치도,6775,24,140,0,2855,161,5346,3609,2,15,0,93,0,1317,5,0,59,54,0,3390,2,15,7271
2020,전라남도,9107,29,207,0,5559,125,3363,2533,4,72,3,119,0,2628,3,0,53,10,0,195,2,10,9616
2020,경상북도,8129,21,148,0,2564,137,3822,2366,8,56,7,72,0,831,3,0,59,37,0,3468,3,15,8573
2020,경상남도,7457,19,205,0,3337,136,4341,2961,3,14,0,105,0,1527,4,0,36,46,0,3912,2,23,8000
2020,제주특별자치도,448,2,18,0,535,20,450,386,0,0,0,14,0,131,2,0,40,0,0,0,2,2,508
2021,서울특별시,3487,80,529,0,12228,448,13995,11386,23,262,183,383,0,1720,21,0,329,28,0,3998,4,18,5021
2021,부산광역시,2340,33,192,0,3759,102,3740,2725,0,0,0,86,0,136,9,0,139,32,0,3086,2,16,2812
2021,대구광역시,1534,19,167,0,3109,96,3285,2133,3,14,0,50,0,229,2,0,29,34,0,6774,2,8,1915
2021,인천광역시,1516,23,274,0,4233,132,4525,3119,4,22,2,203,0,1622,11,0,121,21,0,1793,2,11,2197
2021,광주광역시,1348,9,217,0,4528,96,3974,2904,1,4,0,108,0,1238,11,0,275,2,0,167,1,5,1798
2021,대전광역시,828,8,136,0,2380,99,3529,2512,0,0,0,75,0,632,7,0,117,12,0,1393,1,5,1171
2021,울산광역시,837,14,77,0,1586,51,1704,1049,2,4,0,37,0,431,4,0,24,14,0,1226,1,6,1043
2021,세종특별자치시,498,0,18,0,260,11,526,397,0,0,0,6,0,32,0,0,0,1,0,83,0,1,535
2021,경기도,9920,62,939,0,15495,572,19412,13088,12,82,51,622,0,1989,38,0,411,54,0,4250,5,24,12248
2021,강원특별자치도,3254,16,185,0,5896,112,3350,2605,3,5,34,108,0,1200,13,0,184,20,0,1363,3,14,3728
2021,충청북도,4213,21,125,0,2144,104,3468,2544,2,36,23,51,0,331,1,0,0,17,0,1715,2,12,4548
2021,충청남도,5837,19,197,0,3543,134,4161,2873,5,18,14,119,0,754,6,0,52,22,0,1765,2,18,6359
2021,전북특별자치도,6346,25,182,0,3625,164,5666,4222,0,0,0,109,0,1709,15,0,165,46,0,2959,2,15,6904
2021,전라남도,9132,28,270,0,6385,141,4365,3221,5,14,3,147,0,2710,2,0,68,5,0,54,2,10,9742
2021,경상북도,8177,23,269,0,4987,182,5442,3780,5,29,3,116,0,1262,4,0,75,34,0,6792,4,15,8829
2021,경상남도,7490,19,353,0,6166,153,5268,4030,4,23,0,174,0,2107,11,0,58,46,0,3872,2,26,8278
2021,제주특별자치도,454,2,26,0,723,21,480,381,0,0,0,21,0,203,3,0,24,0,0,0,2,2,531
2022,서울특별시,3490,36,767,0,19912,457,14380,12243,23,249,205,547,0,1840,24,0,315,18,0,2342,4,19,5385
2022,부산광역시,2366,35,295,0,6274,140,5884,3929,1,0,1,142,0,401,17,0,332,41,0,3266,2,16,3055
2022,대구광역시,1560,19,272,0,4974,126,4576,2999,4,21,3,81,0,485,6,0,19,34,0,7369,2,8,2112
2022,인천광역시,1539,25,360,0,5912,87,3060,1852,4,25,4,266,0,1439,15,0,159,11,0,940,2,12,2321
2022,광주광역시,1371,10,288,0,6523,115,4953,3274,1,4,0,124,0,1586,13,0,100,2,0,138,1,5,1930
2022,대전광역시,840,8,152,0,2626,111,4139,3101,0,0,0,97,0,693,11,0,163,13,0,1164,1,5,1238
2022,울산광역시,841,14,109,0,1954,66,2128,1493,0,0,0,46,0,514,4,0,44,16,0,1402,1,6,1103
2022,세종특별자치시,508,0,23,0,399,11,512,335,0,0,0,9,0,60,0,0,0,1,0,84,0,1,553
2022,경기도,10053,63,1323,0,23890,701,25311,17848,13,94,112,877,0,2494,68,0,666,55,0,4374,5,24,13182
2022,강원특별자치도,3303,16,248,0,9193,125,4050,3139,2,14,8,136,0,1488,15,0,230,29,0,2114,3,16,3893
2022,충청북도,4227,21,169,0,3201,126,4469,3089,0,0,0,67,0,393,2,0,20,17,0,1741,2,12,4643
2022,충청남도,5878,19,277,0,5519,163,5443,3845,9,40,3,164,0,1315,8,0,78,12,0,925,2,15,6547
2022,전북특별자치도,6818,25,255,0,4929,178,6486,4756,0,0,0,180,0,2025,17,0,127,37,0,2378,2,15,7527
2022,전라남도,9175,30,351,0,8755,167,5675,4289,3,7,0,197,0,3854,6,0,170,8,0,94,2,10,9949
2022,경상북도,8213,23,375,0,6686,231,7473,5106,7,0,43,163,0,1963,7,0,49,34,0,7684,4,16,9073
2022,경상남도,7533,20,506,0,8979,204,7244,5097,3,9,0,271,0,3037,16,0,178,35,0,5414,2,26,8616
2022,제주특별자치도,465,2,38,0,900,27,611,479,0,0,0,27,0,305,5,0,44,0,0,0,2,2,568
2023,서울특별시,3609,91,897,0,25222,459,15001,13062,20,280,214,604,0,5941,29,0,401,18,0,2550,5,19,5751
2023,부산광역시,2398,34,384,0,8433,153,7119,5036,1,24,22,197,0,937,26,0,414,26,0,1991,2,16,3237
2023,대구광역시,1806,24,358,0,6477,158,5851,4016,4,72,1,92,0,541,7,0,30,35,0,0,2,8,2494
2023,인천광역시,1554,26,445,0,9744,151,5690,3735,2,10,4,323,0,1251,19,0,209,19,0,1491,2,12,2553
2023,광주광역시,1387,10,359,0,7816,118,5345,3724,1,4,0,179,0,1372,18,0,457,2,0,84,1,5,2080
2023,대전광역시,849,8,198,0,4045,121,4608,3375,0,0,0,125,0,375,14,0,225,13,0,1137,1,5,1334
2023,울산광역시,848,13,149,0,2878,79,2558,1855,0,0,0,63,0,756,5,0,88,16,0,1385,1,5,1179
2023,세종특별자치시,516,0,27,0,481,14,661,440,0,0,0,11,0,121,0,0,0,1,0,77,0,1,570
2023,경기도,10210,67,1618,0,32438,779,28938,21851,16,126,124,1025,0,3045,73,0,1066,54,0,5974,5,25,13872
2023,강원특별자치도,3311,17,327,0,12577,133,4473,3511,1,9,4,179,0,1789,23,0,357,15,0,1193,3,15,4024
2023,충청북도,4254,22,230,0,4746,149,5277,3904,0,0,0,89,0,568,6,0,65,15,0,1445,2,12,4779
2023,충청남도,5920,19,341,0,7794,183,6301,4448,6,36,6,194,0,1611,12,0,166,16,0,1360,2,15,6708
2023,전북특별자치도,6846,29,305,0,6652,192,7540,5104,0,0,0,209,0,2961,21,0,199,44,0,2831,2,16,7664
2023,전라남도,9199,33,400,0,10771,173,6395,4866,2,11,0,221,0,4668,8,0,149,8,0,79,2,12,10058
2023,경상북도,8047,23,459,0,10161,249,8631,6065,4,60,0,191,0,1960,12,0,75,18,0,1573,4,16,9023
2023,경상남도,7569,20,635,0,12766,249,9131,6640,3,14,0,328,0,3537,19,0,321,42,0,4159,2,27,8894
2023,제주특별자치도,469,2,60,0,1272,37,883,625,0,0,0,40,0,585,3,0,38,0,0,0,2,2,615
2024,서울특별시,3611,91,1133,0,30921,473,15128,13311,18,0,195,741,0,2908,49,0,452,26,0,3388,5,20,6167
2024,부산광역시,2423,34,471,0,12696,181,8711,6049,2,33,9,234,0,1049,27,0,699,33,0,3208,3,16,3424
2024,대구광역시,1843,24,448,0,9307,181,6920,5022,4,14,1,99,0,690,7,0,66,16,0,2109,2,7,2631
2024,인천광역시,1569,27,550,0,11810,180,7164,5172,3,14,2,381,0,1232,24,0,667,19,0,1675,2,12,2767
2024,광주광역시,1389,10,396,0,10550,128,6152,4393,0,0,0,175,0,2289,21,0,503,2,0,117,1,5,2127
2024,대전광역시,856,8,276,0,6117,129,5120,3862,0,0,0,165,0,1518,18,0,356,12,0,1036,1,5,1470
2024,울산광역시,854,16,171,0,3543,90,2664,2056,0,0,0,79,0,868,6,0,84,13,0,1855,1,5,1235
2024,세종특별자치시,523,0,32,0,576,15,677,541,0,0,0,13,0,109,1,0,7,1,0,80,0,1,586
2024,경기도,10296,73,1960,0,41399,871,32807,25370,16,92,101,1195,0,7438,78,0,1368,50,0,4306,5,25,14569
2024,강원특별자치도,3350,17,367,0,13816,155,5273,3886,2,18,12,189,0,2308,28,0,384,23,0,2001,3,15,4149
2024,충청북도,4275,25,274,0,6396,170,6145,4642,0,0,0,94,0,608,10,0,112,15,0,1485,2,12,4877
2024,충청남도,5954,19,396,0,8494,200,6922,5143,5,12,34,233,0,1910,17,0,194,21,0,1749,2,15,6862
2024,전북특별자치도,6880,32,397,0,9704,234,9939,6973,1,5,0,281,0,4254,27,0,420,43,0,2679,2,17,7914
2024,전라남도,9275,33,466,0,13456,193,7435,5750,3,33,0,265,0,4938,16,0,283,2,0,17,2,14,10269
2024,경상북도,8090,23,532,0,12544,269,9566,7559,4,27,6,212,0,2606,17,0,277,17,0,1483,4,18,9186
2024,경상남도,7599,20,730,0,15964,281,10743,7902,2,7,0,392,0,4342,23,0,339,46,0,4506,2,26,9121
2024,제주특별자치도,473,2,69,0,1722,40,986,726,0,0,0,46,0,1058,7,0,53,0,0,0,2,2,641
