시도,연도,복지시설_합계,요양병원_수,복지시설_정규화,요양병원_정규화,인프라_치우침_지수
강원특별자치도,2015,3233,29,0.2995,0.0803,0.2192
경기도,2015,9788,281,1.0,1.0,0.0
경상남도,2015,7463,103,0.7515,0.3504,0.4012
경상북도,2015,8033,110,0.8124,0.3759,0.4365
광주광역시,2015,1561,45,0.1208,0.1387,-0.0179
대구광역시,2015,1609,62,0.1259,0.2007,-0.0748
대전광역시,2015,915,52,0.0517,0.1642,-0.1125
부산광역시,2015,2441,184,0.2148,0.646,-0.4312
서울특별시,2015,3948,104,0.3759,0.354,0.0219
세종특별자치시,2015,431,7,0.0,0.0,0.0
울산광역시,2015,839,43,0.0436,0.1314,-0.0878
인천광역시,2015,1598,62,0.1247,0.2007,-0.076
전라남도,2015,9108,66,0.9273,0.2153,0.712
전북특별자치도,2015,6808,82,0.6815,0.2737,0.4078
제주특별자치도,2015,467,8,0.0038,0.0036,0.0002
충청남도,2015,5756,73,0.5691,0.2409,0.3282
충청북도,2015,4164,41,0.399,0.1241,0.2749
강원특별자치도,2016,3297,31,0.3008,0.0876,0.2132
경기도,2016,9908,281,1.0,1.0,0.0
경상남도,2016,7516,115,0.747,0.3942,0.3529
경상북도,2016,8084,112,0.8071,0.3832,0.4239
광주광역시,2016,1511,52,0.1119,0.1642,-0.0523
대구광역시,2016,1638,61,0.1253,0.1971,-0.0717
대전광역시,2016,930,52,0.0504,0.1642,-0.1138
부산광역시,2016,2485,195,0.2149,0.6861,-0.4712
서울특별시,2016,3961,107,0.371,0.365,0.0061
세종특별자치시,2016,453,7,0.0,0.0,0.0
울산광역시,2016,856,44,0.0426,0.135,-0.0924
인천광역시,2016,1605,66,0.1218,0.2153,-0.0935
전라남도,2016,9179,71,0.9229,0.2336,0.6893
전북특별자치도,2016,6860,82,0.6776,0.2737,0.4039
제주특별자치도,2016,475,8,0.0023,0.0036,-0.0013
충청남도,2016,5778,76,0.5632,0.2518,0.3114
충청북도,2016,4191,43,0.3953,0.1314,0.264
강원특별자치도,2017,3342,30,0.3,0.0752,0.2249
경기도,2017,10061,313,1.0,1.0,0.0
경상남도,2017,7554,135,0.7388,0.4183,0.3205
경상북도,2017,8158,119,0.8018,0.366,0.4357
광주광역시,2017,1541,59,0.1124,0.1699,-0.0575
대구광역시,2017,1652,64,0.124,0.1863,-0.0623
대전광역시,2017,932,52,0.049,0.1471,-0.0981
부산광역시,2017,2513,198,0.2137,0.6242,-0.4105
서울특별시,2017,3992,115,0.3677,0.3529,0.0148
세종특별자치시,2017,462,7,0.0,0.0,0.0
울산광역시,2017,855,44,0.0409,0.1209,-0.08
인천광역시,2017,1599,72,0.1184,0.2124,-0.094
전라남도,2017,9223,79,0.9127,0.2353,0.6774
전북특별자치도,2017,6923,83,0.6731,0.2484,0.4247
제주특별자치도,2017,484,11,0.0023,0.0131,-0.0108
충청남도,2017,5856,89,0.5619,0.268,0.294
충청북도,2017,4216,47,0.3911,0.1307,0.2604
강원특별자치도,2018,3398,32,0.2966,0.0772,0.2194
경기도,2018,10300,331,1.0,1.0,0.0
경상남도,2018,7640,141,0.7289,0.4136,0.3153
경상북도,2018,8226,119,0.7886,0.3457,0.4429
광주광역시,2018,1562,63,0.1095,0.1728,-0.0634
대구광역시,2018,1676,64,0.1211,0.1759,-0.0548
대전광역시,2018,962,51,0.0483,0.1358,-0.0875
부산광역시,2018,2561,191,0.2113,0.5679,-0.3566
서울특별시,2018,4107,116,0.3688,0.3364,0.0324
세종특별자치시,2018,488,7,0.0,0.0,0.0
울산광역시,2018,865,42,0.0384,0.108,-0.0696
인천광역시,2018,1667,72,0.1202,0.2006,-0.0805
전라남도,2018,9307,82,0.8988,0.2315,0.6673
전북특별자치도,2018,6968,86,0.6604,0.2438,0.4166
제주특별자치도,2018,492,9,0.0004,0.0062,-0.0058
충청남도,2018,5896,90,0.5512,0.2562,0.295
충청북도,2018,4246,51,0.383,0.1358,0.2472
강원특별자치도,2019,3541,33,0.3129,0.0801,0.2328
경기도,2019,10855,343,1.0,1.0,0.0
경상남도,2019,7760,146,0.7093,0.4154,0.2938
경상북도,2019,8343,118,0.764,0.3323,0.4317
광주광역시,2019,1624,65,0.1328,0.1751,-0.0422
대구광역시,2019,1691,66,0.1391,0.178,-0.0389
대전광역시,2019,1032,52,0.0772,0.1365,-0.0593
부산광역시,2019,2629,189,0.2272,0.543,-0.3158
서울특별시,2019,4391,121,0.3928,0.3412,0.0515
세종특별자치시,2019,210,6,0.0,0.0,0.0
울산광역시,2019,909,42,0.0657,0.1068,-0.0412
인천광역시,2019,1790,72,0.1484,0.1958,-0.0474
전라남도,2019,9473,88,0.8702,0.2433,0.6269
전북특별자치도,2019,7076,84,0.645,0.2315,0.4135
제주특별자치도,2019,506,10,0.0278,0.0119,0.0159
충청남도,2019,6025,89,0.5463,0.2463,0.3
충청북도,2019,4312,50,0.3853,0.1306,0.2548
강원특별자치도,2020,3621,32,0.2838,0.0756,0.2082
경기도,2020,11477,350,1.0,1.0,0.0
경상남도,2020,8000,147,0.683,0.4099,0.2731
경상북도,2020,8573,117,0.7353,0.3227,0.4126
광주광역시,2020,1684,65,0.1072,0.1715,-0.0643
대구광역시,2020,1785,71,0.1164,0.189,-0.0725
대전광역시,2020,1092,51,0.0532,0.1308,-0.0776
부산광역시,2020,2698,187,0.1997,0.5262,-0.3265
서울특별시,2020,4699,126,0.3821,0.3488,0.0332
세종특별자치시,2020,522,6,0.0013,0.0,0.0013
울산광역시,2020,967,42,0.0418,0.1047,-0.0628
인천광역시,2020,1962,70,0.1326,0.186,-0.0535
전라남도,2020,9616,90,0.8303,0.2442,0.5862
전북특별자치도,2020,7271,84,0.6166,0.2267,0.3898
제주특별자치도,2020,508,10,0.0,0.0116,-0.0116
충청남도,2020,6170,86,0.5162,0.2326,0.2836
충청북도,2020,4426,50,0.3572,0.1279,0.2293
강원특별자치도,2021,3728,33,0.2729,0.0892,0.1837
경기도,2021,12248,319,1.0,1.0,0.0
경상남도,2021,8278,129,0.6612,0.3949,0.2663
경상북도,2021,8829,113,0.7082,0.3439,0.3643
광주광역시,2021,1798,59,0.1081,0.172,-0.0638
대구광역시,2021,1915,74,0.1181,0.2197,-0.1016
대전광역시,2021,1171,49,0.0546,0.1401,-0.0855
부산광역시,2021,2812,169,0.1947,0.5223,-0.3276
서울특별시,2021,5021,124,0.3832,0.379,0.0042
세종특별자치시,2021,535,5,0.0003,0.0,0.0003
울산광역시,2021,1043,41,0.0437,0.1146,-0.071
인천광역시,2021,2197,67,0.1422,0.1975,-0.0553
전라남도,2021,9742,82,0.7861,0.2452,0.5409
전북특별자치도,2021,6904,83,0.5439,0.2484,0.2955
제주특별자치도,2021,531,9,0.0,0.0127,-0.0127
충청남도,2021,6359,67,0.4974,0.1975,0.2999
충청북도,2021,4548,42,0.3428,0.1178,0.225
강원특별자치도,2022,3893,33,0.2645,0.0909,0.1736
경기도,2022,13182,313,1.0,1.0,0.0
경상남도,2022,8616,127,0.6385,0.3961,0.2423
경상북도,2022,9073,111,0.6746,0.3442,0.3305
광주광역시,2022,1930,60,0.109,0.1786,-0.0695
대구광역시,2022,2112,76,0.1234,0.2305,-0.1071
대전광역시,2022,1238,47,0.0542,0.1364,-0.0821
부산광역시,2022,3055,166,0.1981,0.5227,-0.3246
서울특별시,2022,5385,124,0.3826,0.3864,-0.0038
세종특별자치시,2022,553,5,0.0,0.0,0.0
울산광역시,2022,1103,40,0.0436,0.1136,-0.0701
인천광역시,2022,2321,67,0.14,0.2013,-0.0613
전라남도,2022,9949,82,0.744,0.25,0.494
전북특별자치도,2022,7527,84,0.5522,0.2565,0.2957
제주특별자치도,2022,568,10,0.0012,0.0162,-0.015
충청남도,2022,6547,68,0.4746,0.2045,0.2701
충청북도,2022,4643,40,0.3239,0.1136,0.2102
강원특별자치도,2023,4024,30,0.2597,0.0861,0.1736
경기도,2023,13872,306,1.0,1.0,0.0
경상남도,2023,8894,121,0.6258,0.3874,0.2384
경상북도,2023,9023,108,0.6355,0.3444,0.2911
광주광역시,2023,2080,62,0.1135,0.1921,-0.0785
대구광역시,2023,2494,73,0.1446,0.2285,-0.0838
대전광역시,2023,1334,47,0.0574,0.1424,-0.0849
부산광역시,2023,3237,162,0.2005,0.5232,-0.3227
서울특별시,2023,5751,116,0.3895,0.3709,0.0186
세종특별자치시,2023,570,4,0.0,0.0,0.0
울산광역시,2023,1179,39,0.0458,0.1159,-0.0701
인천광역시,2023,2553,62,0.1491,0.1921,-0.043
전라남도,2023,10058,82,0.7133,0.2583,0.455
전북특별자치도,2023,7664,81,0.5333,0.255,0.2783
제주특별자치도,2023,615,11,0.0034,0.0232,-0.0198
충청남도,2023,6708,68,0.4614,0.2119,0.2495
충청북도,2023,4779,38,0.3164,0.1126,0.2038
강원특별자치도,2024,4149,32,0.2548,0.0997,0.1552
경기도,2024,14569,294,1.0,1.0,0.0
경상남도,2024,9121,115,0.6104,0.3849,0.2255
경상북도,2024,9186,104,0.615,0.3471,0.268
광주광역시,2024,2127,62,0.1102,0.2027,-0.0925
대구광역시,2024,2631,72,0.1462,0.2371,-0.0909
대전광역시,2024,1470,46,0.0632,0.1478,-0.0845
부산광역시,2024,3424,161,0.203,0.543,-0.34
서울특별시,2024,6167,110,0.3991,0.3677,0.0314
세종특별자치시,2024,586,3,0.0,0.0,0.0
울산광역시,2024,1235,36,0.0464,0.1134,-0.067
인천광역시,2024,2767,63,0.156,0.2062,-0.0502
전라남도,2024,10269,79,0.6925,0.2612,0.4313
전북특별자치도,2024,7914,74,0.5241,0.244,0.2801
제주특별자치도,2024,641,11,0.0039,0.0275,-0.0236
충청남도,2024,6862,66,0.4488,0.2165,0.2323
충청북도,2024,4877,37,0.3069,0.1168,0.19
