"행정구역(동읍면)별","시점","항목",계,0 - 4세,5 - 9세,10 - 14세
"전국","2015","총인구수 (명)",51529338,2266781,2334907,2459825
"전국","2016","총인구수 (명)",51696216,2204271,2361897,2349979
"전국","2017","총인구수 (명)",51778544,2079115,2356083,2350767
"전국","2018","총인구수 (명)",51826059,1974244,2328818,2325548
"전국","2019","총인구수 (명)",51849861,1845122,2321792,2299958
"전국","2020","총인구수 (명)",51829023,1677023,2293047,2337589
"전국","2021","총인구수 (명)",51638809,1530469,2229881,2364196
"전국","2022","총인구수 (명)",51439038,1427590,2105052,2357952
"전국","2023","총인구수 (명)",51325329,1334588,1998304,2330969
"전국","2024","총인구수 (명)",51217221,1271776,1868342,2324303
"전국","2025","총인구수 (명)",51117378,1254501,1704722,2295957
"서울특별시","2015","총인구수 (명)",10022181,393903,389396,417806
"서울특별시","2016","총인구수 (명)",9930616,376575,384739,395786
"서울특별시","2017","총인구수 (명)",9857426,350277,378185,390804
"서울특별시","2018","총인구수 (명)",9765623,324470,365898,380366
"서울특별시","2019","총인구수 (명)",9729107,300799,361894,370557
"서울특별시","2020","총인구수 (명)",9668465,270481,353264,371652
"서울특별시","2021","총인구수 (명)",9509458,244538,339145,367879
"서울특별시","2022","총인구수 (명)",9428372,227619,317698,362502
"서울특별시","2023","총인구수 (명)",9386034,213014,300548,355014
"서울특별시","2024","총인구수 (명)",9331828,202897,280883,352036
"서울특별시","2025","총인구수 (명)",9299548,202627,258035,346816
"부산광역시","2015","총인구수 (명)",3513777,134998,132229,143261
"부산광역시","2016","총인구수 (명)",3498529,132044,135043,134893
"부산광역시","2017","총인구수 (명)",3470653,123780,134952,133256
"부산광역시","2018","총인구수 (명)",3441453,117093,134349,130486
"부산광역시","2019","총인구수 (명)",3413841,107963,135358,128260
"부산광역시","2020","총인구수 (명)",3391946,97374,134982,130808
"부산광역시","2021","총인구수 (명)",3350380,87778,131833,133297
"부산광역시","2022","총인구수 (명)",3317812,81272,125105,134212
"부산광역시","2023","총인구수 (명)",3293362,75360,119043,133929
"부산광역시","2024","총인구수 (명)",3266598,71136,110600,135490
"부산광역시","2025","총인구수 (명)",3241600,70194,99703,135201
"대구광역시","2015","총인구수 (명)",2487829,101327,106788,121338
"대구광역시","2016","총인구수 (명)",2484557,99198,107838,114049
"대구광역시","2017","총인구수 (명)",2475231,93774,107269,112974
"대구광역시","2018","총인구수 (명)",2461769,89103,105850,109363
"대구광역시","2019","총인구수 (명)",2438031,82807,105505,106587
"대구광역시","2020","총인구수 (명)",2418346,74200,104026,106632
"대구광역시","2021","총인구수 (명)",2385412,66357,101466,107087
"대구광역시","2022","총인구수 (명)",2363691,61222,96508,106717
"대구광역시","2023","총인구수 (명)",2374960,57587,92816,106303
"대구광역시","2024","총인구수 (명)",2363629,54874,87354,107053
"대구광역시","2025","총인구수 (명)",2353032,54528,79786,106488
"인천광역시","2015","총인구수 (명)",2925815,134903,136855,139884
"인천광역시","2016","총인구수 (명)",2943069,130380,139130,134173
"인천광역시","2017","총인구수 (명)",2948542,121874,138051,135041
"인천광역시","2018","총인구수 (명)",2954642,115371,135930,133618
"인천광역시","2019","총인구수 (명)",2957026,107557,134843,132842
"인천광역시","2020","총인구수 (명)",2942828,96320,132314,134503
"인천광역시","2021","총인구수 (명)",2948375,88754,128630,137016
"인천광역시","2022","총인구수 (명)",2967314,85549,123393,137327
"인천광역시","2023","총인구수 (명)",2997410,82753,119576,137503
"인천광역시","2024","총인구수 (명)",3021010,81391,113805,138100
"인천광역시","2025","총인구수 (명)",3051961,82977,106296,138103
"광주광역시","2015","총인구수 (명)",1472199,68003,75697,83692
"광주광역시","2016","총인구수 (명)",1469214,65365,75592,78816
"광주광역시","2017","총인구수 (명)",1463770,61273,74600,78062
"광주광역시","2018","총인구수 (명)",1459336,57971,73306,75844
"광주광역시","2019","총인구수 (명)",1456468,53932,72587,74518
"광주광역시","2020","총인구수 (명)",1450062,48770,70922,75106
"광주광역시","2021","총인구수 (명)",1441611,45349,68716,75021
"광주광역시","2022","총인구수 (명)",1431050,42499,64478,74173
"광주광역시","2023","총인구수 (명)",1419237,38916,60863,73025
"광주광역시","2024","총인구수 (명)",1408422,36090,56747,72239
"광주광역시","2025","총인구수 (명)",1392013,34619,51537,70435
"대전광역시","2015","총인구수 (명)",1518775,70857,74192,79698
"대전광역시","2016","총인구수 (명)",1514370,68212,73864,75562
"대전광역시","2017","총인구수 (명)",1502227,63201,72017,74377
"대전광역시","2018","총인구수 (명)",1489936,58676,69821,72206
"대전광역시","2019","총인구수 (명)",1474870,53424,68405,70004
"대전광역시","2020","총인구수 (명)",1463882,47684,66845,69920
"대전광역시","2021","총인구수 (명)",1452251,43471,64077,69695
"대전광역시","2022","총인구수 (명)",1446072,41613,60620,68551
"대전광역시","2023","총인구수 (명)",1442216,39731,56996,67343
"대전광역시","2024","총인구수 (명)",1439157,38254,53259,66815
"대전광역시","2025","총인구수 (명)",1440729,38115,48661,66153
"울산광역시","2015","총인구수 (명)",1173534,58920,57321,58315
"울산광역시","2016","총인구수 (명)",1172304,57567,58354,55355
"울산광역시","2017","총인구수 (명)",1165132,54057,58384,55591
"울산광역시","2018","총인구수 (명)",1155623,50550,57813,55093
"울산광역시","2019","총인구수 (명)",1148019,46517,57854,54939
"울산광역시","2020","총인구수 (명)",1136017,41335,57171,55977
"울산광역시","2021","총인구수 (명)",1121592,36524,55494,56685
"울산광역시","2022","총인구수 (명)",1110663,32965,52096,56599
"울산광역시","2023","총인구수 (명)",1103661,30143,48943,56172
"울산광역시","2024","총인구수 (명)",1098049,28086,45011,56177
"울산광역시","2025","총인구수 (명)",1091948,27246,40224,55626
"세종특별자치시","2015","총인구수 (명)",210884,14725,15100,12586
"세종특별자치시","2016","총인구수 (명)",243048,17044,17867,14676
"세종특별자치시","2017","총인구수 (명)",280100,19226,20946,17693
"세종특별자치시","2018","총인구수 (명)",314126,21018,23434,20370
"세종특별자치시","2019","총인구수 (명)",340575,21998,25251,22321
"세종특별자치시","2020","총인구수 (명)",355831,20901,26382,24319
"세종특별자치시","2021","총인구수 (명)",371895,19998,27065,25992
"세종특별자치시","2022","총인구수 (명)",383591,18964,26987,27557
"세종특별자치시","2023","총인구수 (명)",386525,17223,26318,27898
"세종특별자치시","2024","총인구수 (명)",390685,16247,25104,28514
"세종특별자치시","2025","총인구수 (명)",391965,15667,23013,28782
"경기도","2015","총인구수 (명)",12522606,609016,642218,655036
"경기도","2016","총인구수 (명)",12716780,598082,653028,634739
"경기도","2017","총인구수 (명)",12873895,570103,656397,641829
"경기도","2018","총인구수 (명)",13077153,553751,656105,644137
"경기도","2019","총인구수 (명)",13239666,525180,659810,643213
"경기도","2020","총인구수 (명)",13427014,486768,659216,660978
"경기도","2021","총인구수 (명)",13565450,451584,648343,673470
"경기도","2022","총인구수 (명)",13589432,426327,614627,675472
"경기도","2023","총인구수 (명)",13630821,402048,587502,669391
"경기도","2024","총인구수 (명)",13694685,387676,552312,669968
"경기도","2025","총인구수 (명)",13730135,384411,505554,663714
"강원특별자치도","2015","총인구수 (명)",1549507,58478,64797,73116
"강원특별자치도","2016","총인구수 (명)",1550806,56219,65162,68928
"강원특별자치도","2017","총인구수 (명)",1550142,52651,64075,67679
"강원특별자치도","2018","총인구수 (명)",1543052,50000,62664,65948
"강원특별자치도","2019","총인구수 (명)",1541502,47889,61667,64576
"강원특별자치도","2020","총인구수 (명)",1542840,45209,60389,64876
"강원특별자치도","2021","총인구수 (명)",1538492,42371,58600,65395
"강원특별자치도","2022","총인구수 (명)",1536498,40760,55276,64689
"강원특별자치도","2023","총인구수 (명)",1527807,38546,52326,63338
"강원특별자치도","2024","총인구수 (명)",1517766,36232,49537,62226
"강원특별자치도","2025","총인구수 (명)",1508500,34878,45795,60621
"충청북도","2015","총인구수 (명)",1583952,69901,72418,76761
"충청북도","2016","총인구수 (명)",1591625,68043,73502,72974
"충청북도","2017","총인구수 (명)",1594432,64209,72997,72634
"충청북도","2018","총인구수 (명)",1599252,61420,72239,72100
"충청북도","2019","총인구수 (명)",1600007,57527,71758,71456
"충청북도","2020","총인구수 (명)",1600837,52777,70594,72924
"충청북도","2021","총인구수 (명)",1597427,48252,68723,73830
"충청북도","2022","총인구수 (명)",1595058,44390,65020,73336
"충청북도","2023","총인구수 (명)",1593469,41577,61756,72539
"충청북도","2024","총인구수 (명)",1591177,40110,57727,71797
"충청북도","2025","총인구수 (명)",1596502,40101,53155,70535
"충청남도","2015","총인구수 (명)",2077649,97179,100057,100964
"충청남도","2016","총인구수 (명)",2096727,95052,102154,97587
"충청남도","2017","총인구수 (명)",2116770,90932,102946,99211
"충청남도","2018","총인구수 (명)",2126282,86639,102385,99582
"충청남도","2019","총인구수 (명)",2123709,80582,101325,99289
"충청남도","2020","총인구수 (명)",2121029,73073,99555,101176
"충청남도","2021","총인구수 (명)",2119257,66394,96332,102846
"충청남도","2022","총인구수 (명)",2123037,61311,91187,103087
"충청남도","2023","총인구수 (명)",2130119,57113,86658,102213
"충청남도","2024","총인구수 (명)",2136574,54010,81306,101934
"충청남도","2025","총인구수 (명)",2136753,52107,74373,100795
"전북특별자치도","2015","총인구수 (명)",1869711,76412,83412,93142
"전북특별자치도","2016","총인구수 (명)",1864791,73102,84270,87768
"전북특별자치도","2017","총인구수 (명)",1854607,67854,82963,86376
"전북특별자치도","2018","총인구수 (명)",1836832,63016,80974,84437
"전북특별자치도","2019","총인구수 (명)",1818917,57543,79540,82601
"전북특별자치도","2020","총인구수 (명)",1804104,51498,77194,83137
"전북특별자치도","2021","총인구수 (명)",1786855,46252,73421,83690
"전북특별자치도","2022","총인구수 (명)",1769607,42208,68192,82457
"전북특별자치도","2023","총인구수 (명)",1754757,38949,63533,80691
"전북특별자치도","2024","총인구수 (명)",1738690,36813,58268,79402
"전북특별자치도","2025","총인구수 (명)",1724856,35689,52369,77055
"전라남도","2015","총인구수 (명)",1908996,78080,80062,87829
"전라남도","2016","총인구수 (명)",1903914,75316,81420,82763
"전라남도","2017","총인구수 (명)",1896424,70197,81032,81907
"전라남도","2018","총인구수 (명)",1882970,65546,79700,80393
"전라남도","2019","총인구수 (명)",1868745,61275,78154,78999
"전라남도","2020","총인구수 (명)",1851549,56034,76168,80129
"전라남도","2021","총인구수 (명)",1832803,50563,73149,81264
"전라남도","2022","총인구수 (명)",1817697,46616,68273,80876
"전라남도","2023","총인구수 (명)",1804217,43693,64033,79600
"전라남도","2024","총인구수 (명)",1788819,41528,59840,78430
"전라남도","2025","총인구수 (명)",1779135,41030,54578,76517
"경상북도","2015","총인구수 (명)",2702826,112990,110404,116851
"경상북도","2016","총인구수 (명)",2700398,110059,112213,110753
"경상북도","2017","총인구수 (명)",2691706,103076,112375,110178
"경상북도","2018","총인구수 (명)",2676831,96504,111105,108876
"경상북도","2019","총인구수 (명)",2665836,89397,110787,107949
"경상북도","2020","총인구수 (명)",2639422,80061,109500,109104
"경상북도","2021","총인구수 (명)",2626609,72134,106381,110844
"경상북도","2022","총인구수 (명)",2600492,65849,99270,110592
"경상북도","2023","총인구수 (명)",2554324,59519,92407,108925
"경상북도","2024","총인구수 (명)",2531384,55187,85071,107947
"경상북도","2025","총인구수 (명)",2506526,52636,76181,106353
"경상남도","2015","총인구수 (명)",3364702,156768,161099,164918
"경상남도","2016","총인구수 (명)",3373871,151587,163889,157298
"경상남도","2017","총인구수 (명)",3380404,143158,164257,158538
"경상남도","2018","총인구수 (명)",3373988,134437,162205,158187
"경상남도","2019","총인구수 (명)",3362553,123552,161948,157244
"경상남도","2020","총인구수 (명)",3340216,109520,159246,160856
"경상남도","2021","총인구수 (명)",3314183,97104,153565,163834
"경상남도","2022","총인구수 (명)",3280493,86959,142983,163126
"경상남도","2023","총인구수 (명)",3251158,78630,133369,160575
"경상남도","2024","총인구수 (명)",3228380,72994,122013,159832
"경상남도","2025","총인구수 (명)",3207383,70263,108654,156926
"제주특별자치도","2015","총인구수 (명)",624395,30321,32862,34628
"제주특별자치도","2016","총인구수 (명)",641597,30426,33832,33859
"제주특별자치도","2017","총인구수 (명)",657083,29473,34637,34617
"제주특별자치도","2018","총인구수 (명)",667191,28679,35040,34542
"제주특별자치도","2019","총인구수 (명)",670989,27180,35106,34603
"제주특별자치도","2020","총인구수 (명)",674635,25018,35279,35492
"제주특별자치도","2021","총인구수 (명)",676759,23046,34941,36351
"제주특별자치도","2022","총인구수 (명)",678159,21467,33339,36679
"제주특별자치도","2023","총인구수 (명)",675252,19786,31617,36510
"제주특별자치도","2024","총인구수 (명)",670368,18251,29505,36343
"제주특별자치도","2025","총인구수 (명)",664792,17413,26808,35837
