"시점","시군구별(1)",소아청소년과
"2015.1/4","전체",5223
"2015.1/4","서울",1203
"2015.1/4","부산",387
"2015.1/4","대구",308
"2015.1/4","인천",265
"2015.1/4","광주",210
"2015.1/4","대전",180
"2015.1/4","울산",108
"2015.1/4","세종",16
"2015.1/4","경기",1270
"2015.1/4","강원",114
"2015.1/4","충북",129
"2015.1/4","충남",157
"2015.1/4","전북",175
"2015.1/4","전남",139
"2015.1/4","경북",201
"2015.1/4","경남",304
"2015.1/4","제주",57
"2015.2/4","전체",5325
"2015.2/4","서울",1226
"2015.2/4","부산",398
"2015.2/4","대구",311
"2015.2/4","인천",271
"2015.2/4","광주",215
"2015.2/4","대전",181
"2015.2/4","울산",111
"2015.2/4","세종",21
"2015.2/4","경기",1277
"2015.2/4","강원",118
"2015.2/4","충북",133
"2015.2/4","충남",155
"2015.2/4","전북",181
"2015.2/4","전남",149
"2015.2/4","경북",205
"2015.2/4","경남",316
"2015.2/4","제주",57
"2015.3/4","전체",5303
"2015.3/4","서울",1208
"2015.3/4","부산",403
"2015.3/4","대구",312
"2015.3/4","인천",274
"2015.3/4","광주",215
"2015.3/4","대전",178
"2015.3/4","울산",111
"2015.3/4","세종",23
"2015.3/4","경기",1268
"2015.3/4","강원",119
"2015.3/4","충북",137
"2015.3/4","충남",157
"2015.3/4","전북",181
"2015.3/4","전남",148
"2015.3/4","경북",196
"2015.3/4","경남",315
"2015.3/4","제주",58
"2015.4/4","전체",5282
"2015.4/4","서울",1208
"2015.4/4","부산",401
"2015.4/4","대구",309
"2015.4/4","인천",274
"2015.4/4","광주",214
"2015.4/4","대전",180
"2015.4/4","울산",110
"2015.4/4","세종",21
"2015.4/4","경기",1256
"2015.4/4","강원",117
"2015.4/4","충북",136
"2015.4/4","충남",157
"2015.4/4","전북",181
"2015.4/4","전남",146
"2015.4/4","경북",200
"2015.4/4","경남",316
"2015.4/4","제주",56
"2016.1/4","전체",5376
"2016.1/4","서울",1223
"2016.1/4","부산",411
"2016.1/4","대구",316
"2016.1/4","인천",274
"2016.1/4","광주",217
"2016.1/4","대전",181
"2016.1/4","울산",114
"2016.1/4","세종",22
"2016.1/4","경기",1284
"2016.1/4","강원",119
"2016.1/4","충북",141
"2016.1/4","충남",166
"2016.1/4","전북",188
"2016.1/4","전남",140
"2016.1/4","경북",204
"2016.1/4","경남",320
"2016.1/4","제주",56
"2016.2/4","전체",5421
"2016.2/4","서울",1236
"2016.2/4","부산",417
"2016.2/4","대구",322
"2016.2/4","인천",272
"2016.2/4","광주",219
"2016.2/4","대전",180
"2016.2/4","울산",116
"2016.2/4","세종",20
"2016.2/4","경기",1292
"2016.2/4","강원",118
"2016.2/4","충북",143
"2016.2/4","충남",173
"2016.2/4","전북",186
"2016.2/4","전남",146
"2016.2/4","경북",205
"2016.2/4","경남",319
"2016.2/4","제주",57
"2016.3/4","전체",5433
"2016.3/4","서울",1232
"2016.3/4","부산",415
"2016.3/4","대구",324
"2016.3/4","인천",274
"2016.3/4","광주",212
"2016.3/4","대전",181
"2016.3/4","울산",118
"2016.3/4","세종",21
"2016.3/4","경기",1311
"2016.3/4","강원",121
"2016.3/4","충북",141
"2016.3/4","충남",172
"2016.3/4","전북",181
"2016.3/4","전남",149
"2016.3/4","경북",201
"2016.3/4","경남",323
"2016.3/4","제주",57
"2016.4/4","전체",5430
"2016.4/4","서울",1236
"2016.4/4","부산",418
"2016.4/4","대구",327
"2016.4/4","인천",275
"2016.4/4","광주",209
"2016.4/4","대전",182
"2016.4/4","울산",115
"2016.4/4","세종",24
"2016.4/4","경기",1305
"2016.4/4","강원",122
"2016.4/4","충북",137
"2016.4/4","충남",171
"2016.4/4","전북",185
"2016.4/4","전남",145
"2016.4/4","경북",199
"2016.4/4","경남",323
"2016.4/4","제주",57
"2017.1/4","전체",5511
"2017.1/4","서울",1250
"2017.1/4","부산",411
"2017.1/4","대구",345
"2017.1/4","인천",277
"2017.1/4","광주",216
"2017.1/4","대전",188
"2017.1/4","울산",114
"2017.1/4","세종",23
"2017.1/4","경기",1330
"2017.1/4","강원",123
"2017.1/4","충북",137
"2017.1/4","충남",177
"2017.1/4","전북",187
"2017.1/4","전남",148
"2017.1/4","경북",199
"2017.1/4","경남",328
"2017.1/4","제주",58
"2017.2/4","전체",5588
"2017.2/4","서울",1252
"2017.2/4","부산",417
"2017.2/4","대구",345
"2017.2/4","인천",281
"2017.2/4","광주",224
"2017.2/4","대전",188
"2017.2/4","울산",117
"2017.2/4","세종",26
"2017.2/4","경기",1351
"2017.2/4","강원",130
"2017.2/4","충북",141
"2017.2/4","충남",174
"2017.2/4","전북",199
"2017.2/4","전남",150
"2017.2/4","경북",201
"2017.2/4","경남",333
"2017.2/4","제주",59
"2017.3/4","전체",5629
"2017.3/4","서울",1264
"2017.3/4","부산",417
"2017.3/4","대구",342
"2017.3/4","인천",285
"2017.3/4","광주",228
"2017.3/4","대전",192
"2017.3/4","울산",116
"2017.3/4","세종",7
"2017.3/4","경기",1364
"2017.3/4","강원",130
"2017.3/4","충북",141
"2017.3/4","충남",173
"2017.3/4","전북",193
"2017.3/4","전남",152
"2017.3/4","경북",206
"2017.3/4","경남",336
"2017.3/4","제주",60
"2017.4/4","전체",5612
"2017.4/4","서울",1249
"2017.4/4","부산",414
"2017.4/4","대구",335
"2017.4/4","인천",283
"2017.4/4","광주",227
"2017.4/4","대전",193
"2017.4/4","울산",115
"2017.4/4","세종",32
"2017.4/4","경기",1371
"2017.4/4","강원",129
"2017.4/4","충북",140
"2017.4/4","충남",171
"2017.4/4","전북",197
"2017.4/4","전남",151
"2017.4/4","경북",207
"2017.4/4","경남",340
"2017.4/4","제주",58
"2018.1/4","전체",5655
"2018.1/4","서울",1259
"2018.1/4","부산",408
"2018.1/4","대구",335
"2018.1/4","인천",299
"2018.1/4","광주",221
"2018.1/4","대전",200
"2018.1/4","울산",112
"2018.1/4","세종",36
"2018.1/4","경기",1390
"2018.1/4","강원",129
"2018.1/4","충북",138
"2018.1/4","충남",169
"2018.1/4","전북",201
"2018.1/4","전남",152
"2018.1/4","경북",206
"2018.1/4","경남",337
"2018.1/4","제주",63
"2018.2/4","전체",5664
"2018.2/4","서울",1245
"2018.2/4","부산",417
"2018.2/4","대구",332
"2018.2/4","인천",299
"2018.2/4","광주",222
"2018.2/4","대전",206
"2018.2/4","울산",113
"2018.2/4","세종",41
"2018.2/4","경기",1412
"2018.2/4","강원",125
"2018.2/4","충북",135
"2018.2/4","충남",169
"2018.2/4","전북",196
"2018.2/4","전남",147
"2018.2/4","경북",204
"2018.2/4","경남",338
"2018.2/4","제주",63
"2018.3/4","전체",5662
"2018.3/4","서울",1236
"2018.3/4","부산",418
"2018.3/4","대구",335
"2018.3/4","인천",298
"2018.3/4","광주",222
"2018.3/4","대전",207
"2018.3/4","울산",113
"2018.3/4","세종",42
"2018.3/4","경기",1409
"2018.3/4","강원",129
"2018.3/4","충북",134
"2018.3/4","충남",168
"2018.3/4","전북",195
"2018.3/4","전남",146
"2018.3/4","경북",204
"2018.3/4","경남",342
"2018.3/4","제주",64
"2018.4/4","전체",5670
"2018.4/4","서울",1241
"2018.4/4","부산",416
"2018.4/4","대구",336
"2018.4/4","인천",297
"2018.4/4","광주",226
"2018.4/4","대전",211
"2018.4/4","울산",112
"2018.4/4","세종",43
"2018.4/4","경기",1414
"2018.4/4","강원",126
"2018.4/4","충북",137
"2018.4/4","충남",167
"2018.4/4","전북",192
"2018.4/4","전남",147
"2018.4/4","경북",204
"2018.4/4","경남",337
"2018.4/4","제주",64
"2019.1/4","전체",5726
"2019.1/4","서울",1252
"2019.1/4","부산",419
"2019.1/4","대구",341
"2019.1/4","인천",297
"2019.1/4","광주",222
"2019.1/4","대전",214
"2019.1/4","울산",112
"2019.1/4","세종",41
"2019.1/4","경기",1431
"2019.1/4","강원",131
"2019.1/4","충북",136
"2019.1/4","충남",171
"2019.1/4","전북",194
"2019.1/4","전남",154
"2019.1/4","경북",208
"2019.1/4","경남",339
"2019.1/4","제주",64
"2019.2/4","전체",5825
"2019.2/4","서울",1275
"2019.2/4","부산",426
"2019.2/4","대구",337
"2019.2/4","인천",305
"2019.2/4","광주",229
"2019.2/4","대전",217
"2019.2/4","울산",115
"2019.2/4","세종",44
"2019.2/4","경기",1463
"2019.2/4","강원",133
"2019.2/4","충북",136
"2019.2/4","충남",170
"2019.2/4","전북",194
"2019.2/4","전남",159
"2019.2/4","경북",206
"2019.2/4","경남",349
"2019.2/4","제주",67
"2019.3/4","전체",5847
"2019.3/4","서울",1270
"2019.3/4","부산",433
"2019.3/4","대구",337
"2019.3/4","인천",305
"2019.3/4","광주",231
"2019.3/4","대전",211
"2019.3/4","울산",116
"2019.3/4","세종",44
"2019.3/4","경기",1483
"2019.3/4","강원",133
"2019.3/4","충북",137
"2019.3/4","충남",168
"2019.3/4","전북",195
"2019.3/4","전남",160
"2019.3/4","경북",207
"2019.3/4","경남",347
"2019.3/4","제주",70
"2019.4/4","전체",5840
"2019.4/4","서울",1268
"2019.4/4","부산",427
"2019.4/4","대구",339
"2019.4/4","인천",311
"2019.4/4","광주",230
"2019.4/4","대전",208
"2019.4/4","울산",115
"2019.4/4","세종",43
"2019.4/4","경기",1486
"2019.4/4","강원",130
"2019.4/4","충북",134
"2019.4/4","충남",168
"2019.4/4","전북",195
"2019.4/4","전남",163
"2019.4/4","경북",208
"2019.4/4","경남",343
"2019.4/4","제주",72
"2020.1/4","전체",5844
"2020.1/4","서울",1274
"2020.1/4","부산",419
"2020.1/4","대구",345
"2020.1/4","인천",306
"2020.1/4","광주",228
"2020.1/4","대전",206
"2020.1/4","울산",112
"2020.1/4","세종",40
"2020.1/4","경기",1511
"2020.1/4","강원",131
"2020.1/4","충북",133
"2020.1/4","충남",165
"2020.1/4","전북",194
"2020.1/4","전남",158
"2020.1/4","경북",205
"2020.1/4","경남",347
"2020.1/4","제주",70
"2020.2/4","전체",5853
"2020.2/4","서울",1279
"2020.2/4","부산",424
"2020.2/4","대구",344
"2020.2/4","인천",297
"2020.2/4","광주",231
"2020.2/4","대전",208
"2020.2/4","울산",111
"2020.2/4","세종",42
"2020.2/4","경기",1525
"2020.2/4","강원",134
"2020.2/4","충북",133
"2020.2/4","충남",172
"2020.2/4","전북",189
"2020.2/4","전남",152
"2020.2/4","경북",195
"2020.2/4","경남",346
"2020.2/4","제주",71
"2020.3/4","전체",5891
"2020.3/4","서울",1282
"2020.3/4","부산",423
"2020.3/4","대구",336
"2020.3/4","인천",299
"2020.3/4","광주",225
"2020.3/4","대전",207
"2020.3/4","울산",111
"2020.3/4","세종",58
"2020.3/4","경기",1524
"2020.3/4","강원",137
"2020.3/4","충북",134
"2020.3/4","충남",177
"2020.3/4","전북",191
"2020.3/4","전남",157
"2020.3/4","경북",203
"2020.3/4","경남",354
"2020.3/4","제주",73
"2020.4/4","전체",5840
"2020.4/4","서울",1260
"2020.4/4","부산",417
"2020.4/4","대구",332
"2020.4/4","인천",298
"2020.4/4","광주",222
"2020.4/4","대전",206
"2020.4/4","울산",112
"2020.4/4","세종",55
"2020.4/4","경기",1514
"2020.4/4","강원",138
"2020.4/4","충북",131
"2020.4/4","충남",178
"2020.4/4","전북",191
"2020.4/4","전남",155
"2020.4/4","경북",204
"2020.4/4","경남",354
"2020.4/4","제주",73
"2021.1/4","전체",5924
"2021.1/4","서울",1295
"2021.1/4","부산",428
"2021.1/4","대구",344
"2021.1/4","인천",306
"2021.1/4","광주",230
"2021.1/4","대전",210
"2021.1/4","울산",109
"2021.1/4","세종",56
"2021.1/4","경기",1523
"2021.1/4","강원",144
"2021.1/4","충북",129
"2021.1/4","충남",173
"2021.1/4","전북",188
"2021.1/4","전남",155
"2021.1/4","경북",205
"2021.1/4","경남",357
"2021.1/4","제주",72
"2021.2/4","전체",5999
"2021.2/4","서울",1307
"2021.2/4","부산",433
"2021.2/4","대구",343
"2021.2/4","인천",312
"2021.2/4","광주",234
"2021.2/4","대전",211
"2021.2/4","울산",117
"2021.2/4","세종",58
"2021.2/4","경기",1522
"2021.2/4","강원",143
"2021.2/4","충북",147
"2021.2/4","충남",181
"2021.2/4","전북",197
"2021.2/4","전남",164
"2021.2/4","경북",200
"2021.2/4","경남",357
"2021.2/4","제주",73
"2021.3/4","전체",6018
"2021.3/4","서울",1320
"2021.3/4","부산",437
"2021.3/4","대구",346
"2021.3/4","인천",305
"2021.3/4","광주",236
"2021.3/4","대전",212
"2021.3/4","울산",117
"2021.3/4","세종",59
"2021.3/4","경기",1531
"2021.3/4","강원",146
"2021.3/4","충북",148
"2021.3/4","충남",181
"2021.3/4","전북",195
"2021.3/4","전남",164
"2021.3/4","경북",195
"2021.3/4","경남",355
"2021.3/4","제주",71
"2021.4/4","전체",6000
"2021.4/4","서울",1322
"2021.4/4","부산",430
"2021.4/4","대구",344
"2021.4/4","인천",305
"2021.4/4","광주",228
"2021.4/4","대전",210
"2021.4/4","울산",115
"2021.4/4","세종",59
"2021.4/4","경기",1527
"2021.4/4","강원",147
"2021.4/4","충북",146
"2021.4/4","충남",185
"2021.4/4","전북",197
"2021.4/4","전남",162
"2021.4/4","경북",190
"2021.4/4","경남",362
"2021.4/4","제주",71
"2022.1/4","전체",6119
"2022.1/4","서울",1342
"2022.1/4","부산",437
"2022.1/4","대구",352
"2022.1/4","인천",311
"2022.1/4","광주",234
"2022.1/4","대전",209
"2022.1/4","울산",116
"2022.1/4","세종",63
"2022.1/4","경기",1569
"2022.1/4","강원",155
"2022.1/4","충북",146
"2022.1/4","충남",181
"2022.1/4","전북",200
"2022.1/4","전남",163
"2022.1/4","경북",194
"2022.1/4","경남",375
"2022.1/4","제주",72
"2022.2/4","전체",6190
"2022.2/4","서울",1375
"2022.2/4","부산",450
"2022.2/4","대구",355
"2022.2/4","인천",311
"2022.2/4","광주",237
"2022.2/4","대전",215
"2022.2/4","울산",114
"2022.2/4","세종",63
"2022.2/4","경기",1573
"2022.2/4","강원",155
"2022.2/4","충북",149
"2022.2/4","충남",190
"2022.2/4","전북",211
"2022.2/4","전남",156
"2022.2/4","경북",192
"2022.2/4","경남",371
"2022.2/4","제주",73
"2022.3/4","전체",6210
"2022.3/4","서울",1375
"2022.3/4","부산",446
"2022.3/4","대구",357
"2022.3/4","인천",316
"2022.3/4","광주",233
"2022.3/4","대전",216
"2022.3/4","울산",113
"2022.3/4","세종",61
"2022.3/4","경기",1598
"2022.3/4","강원",154
"2022.3/4","충북",150
"2022.3/4","충남",190
"2022.3/4","전북",208
"2022.3/4","전남",156
"2022.3/4","경북",192
"2022.3/4","경남",372
"2022.3/4","제주",73
"2022.4/4","전체",6222
"2022.4/4","서울",1385
"2022.4/4","부산",446
"2022.4/4","대구",353
"2022.4/4","인천",315
"2022.4/4","광주",233
"2022.4/4","대전",206
"2022.4/4","울산",115
"2022.4/4","세종",63
"2022.4/4","경기",1614
"2022.4/4","강원",154
"2022.4/4","충북",148
"2022.4/4","충남",188
"2022.4/4","전북",205
"2022.4/4","전남",154
"2022.4/4","경북",190
"2022.4/4","경남",376
"2022.4/4","제주",77
"2023.1/4","전체",6301
"2023.1/4","서울",1415
"2023.1/4","부산",453
"2023.1/4","대구",349
"2023.1/4","인천",332
"2023.1/4","광주",247
"2023.1/4","대전",221
"2023.1/4","울산",114
"2023.1/4","세종",64
"2023.1/4","경기",1635
"2023.1/4","강원",153
"2023.1/4","충북",150
"2023.1/4","충남",186
"2023.1/4","전북",204
"2023.1/4","전남",150
"2023.1/4","경북",190
"2023.1/4","경남",366
"2023.1/4","제주",72
"2023.2/4","전체",6350
"2023.2/4","서울",1438
"2023.2/4","부산",459
"2023.2/4","대구",352
"2023.2/4","인천",338
"2023.2/4","광주",246
"2023.2/4","대전",215
"2023.2/4","울산",120
"2023.2/4","세종",65
"2023.2/4","경기",1630
"2023.2/4","강원",155
"2023.2/4","충북",149
"2023.2/4","충남",185
"2023.2/4","전북",209
"2023.2/4","전남",157
"2023.2/4","경북",194
"2023.2/4","경남",366
"2023.2/4","제주",72
"2023.3/4","전체",6385
"2023.3/4","서울",1444
"2023.3/4","부산",455
"2023.3/4","대구",353
"2023.3/4","인천",350
"2023.3/4","광주",247
"2023.3/4","대전",216
"2023.3/4","울산",120
"2023.3/4","세종",70
"2023.3/4","경기",1641
"2023.3/4","강원",159
"2023.3/4","충북",153
"2023.3/4","충남",182
"2023.3/4","전북",209
"2023.3/4","전남",155
"2023.3/4","경북",200
"2023.3/4","경남",360
"2023.3/4","제주",71
"2023.4/4","전체",6389
"2023.4/4","서울",1455
"2023.4/4","부산",457
"2023.4/4","대구",347
"2023.4/4","인천",344
"2023.4/4","광주",241
"2023.4/4","대전",215
"2023.4/4","울산",119
"2023.4/4","세종",68
"2023.4/4","경기",1656
"2023.4/4","강원",159
"2023.4/4","충북",153
"2023.4/4","충남",177
"2023.4/4","전북",207
"2023.4/4","전남",157
"2023.4/4","경북",198
"2023.4/4","경남",363
"2023.4/4","제주",73
"2024.1/4","전체",6435
"2024.1/4","서울",1486
"2024.1/4","부산",467
"2024.1/4","대구",358
"2024.1/4","인천",346
"2024.1/4","광주",237
"2024.1/4","대전",211
"2024.1/4","울산",120
"2024.1/4","세종",79
"2024.1/4","경기",1663
"2024.1/4","강원",154
"2024.1/4","충북",154
"2024.1/4","충남",173
"2024.1/4","전북",203
"2024.1/4","전남",153
"2024.1/4","경북",203
"2024.1/4","경남",358
"2024.1/4","제주",70
"2024.2/4","전체",6490
"2024.2/4","서울",1510
"2024.2/4","부산",465
"2024.2/4","대구",364
"2024.2/4","인천",350
"2024.2/4","광주",238
"2024.2/4","대전",217
"2024.2/4","울산",120
"2024.2/4","세종",78
"2024.2/4","경기",1691
"2024.2/4","강원",158
"2024.2/4","충북",146
"2024.2/4","충남",175
"2024.2/4","전북",202
"2024.2/4","전남",149
"2024.2/4","경북",196
"2024.2/4","경남",360
"2024.2/4","제주",71
"2024.3/4","전체",6473
"2024.3/4","서울",1502
"2024.3/4","부산",462
"2024.3/4","대구",361
"2024.3/4","인천",352
"2024.3/4","광주",237
"2024.3/4","대전",215
"2024.3/4","울산",120
"2024.3/4","세종",79
"2024.3/4","경기",1695
"2024.3/4","강원",158
"2024.3/4","충북",141
"2024.3/4","충남",174
"2024.3/4","전북",202
"2024.3/4","전남",148
"2024.3/4","경북",195
"2024.3/4","경남",361
"2024.3/4","제주",71
"2024.4/4","전체",6467
"2024.4/4","서울",1497
"2024.4/4","부산",459
"2024.4/4","대구",360
"2024.4/4","인천",358
"2024.4/4","광주",225
"2024.4/4","대전",215
"2024.4/4","울산",120
"2024.4/4","세종",80
"2024.4/4","경기",1702
"2024.4/4","강원",155
"2024.4/4","충북",142
"2024.4/4","충남",175
"2024.4/4","전북",203
"2024.4/4","전남",147
"2024.4/4","경북",197
"2024.4/4","경남",361
"2024.4/4","제주",71
"2025.1/4","전체",6417
"2025.1/4","서울",1498
"2025.1/4","부산",453
"2025.1/4","대구",358
"2025.1/4","인천",349
"2025.1/4","광주",220
"2025.1/4","대전",212
"2025.1/4","울산",116
"2025.1/4","세종",75
"2025.1/4","경기",1692
"2025.1/4","강원",151
"2025.1/4","충북",139
"2025.1/4","충남",179
"2025.1/4","전북",199
"2025.1/4","전남",145
"2025.1/4","경북",194
"2025.1/4","경남",363
"2025.1/4","제주",74
"2025.2/4","전체",6441
"2025.2/4","서울",1514
"2025.2/4","부산",449
"2025.2/4","대구",361
"2025.2/4","인천",355
"2025.2/4","광주",232
"2025.2/4","대전",210
"2025.2/4","울산",117
"2025.2/4","세종",77
"2025.2/4","경기",1699
"2025.2/4","강원",152
"2025.2/4","충북",137
"2025.2/4","충남",184
"2025.2/4","전북",197
"2025.2/4","전남",139
"2025.2/4","경북",190
"2025.2/4","경남",356
"2025.2/4","제주",72
"2025.3/4","전체",6464
"2025.3/4","서울",1529
"2025.3/4","부산",449
"2025.3/4","대구",364
"2025.3/4","인천",356
"2025.3/4","광주",235
"2025.3/4","대전",202
"2025.3/4","울산",116
"2025.3/4","세종",77
"2025.3/4","경기",1697
"2025.3/4","강원",153
"2025.3/4","충북",140
"2025.3/4","충남",184
"2025.3/4","전북",199
"2025.3/4","전남",141
"2025.3/4","경북",194
"2025.3/4","경남",356
"2025.3/4","제주",72
"2025.4/4","전체",6444
"2025.4/4","서울",1523
"2025.4/4","부산",453
"2025.4/4","대구",361
"2025.4/4","인천",353
"2025.4/4","광주",232
"2025.4/4","대전",213
"2025.4/4","울산",117
"2025.4/4","세종",76
"2025.4/4","경기",1684
"2025.4/4","강원",154
"2025.4/4","충북",141
"2025.4/4","충남",183
"2025.4/4","전북",191
"2025.4/4","전남",142
"2025.4/4","경북",192
"2025.4/4","경남",358
"2025.4/4","제주",71
